split,scene_id,tile,image_path,mask_path,channels,height,width,road_pixels,road_fraction,has_road
train,AOI_3_Paris_img235,AOI_3_Paris_img235_tile_000.tif,data\processed\spacenet_paris\train\images\AOI_3_Paris_img235\AOI_3_Paris_img235_tile_000.tif,data\processed\spacenet_paris\train\masks\AOI_3_Paris_img235\AOI_3_Paris_img235_tile_000.tif,3,256,256,0,0.0,False
train,AOI_3_Paris_img235,AOI_3_Paris_img235_tile_001.tif,data\processed\spacenet_paris\train\images\AOI_3_Paris_img235\AOI_3_Paris_img235_tile_001.tif,data\processed\spacenet_paris\train\masks\AOI_3_Paris_img235\AOI_3_Paris_img235_tile_001.tif,3,256,256,0,0.0,False
train,AOI_3_Paris_img235,AOI_3_Paris_img235_tile_002.tif,data\processed\spacenet_paris\train\images\AOI_3_Paris_img235\AOI_3_Paris_img235_tile_002.tif,data\processed\spacenet_paris\train\masks\AOI_3_Paris_img235\AOI_3_Paris_img235_tile_002.tif,3,256,256,0,0.0,False
train,AOI_3_Paris_img235,AOI_3_Paris_img235_tile_003.tif,data\processed\spacenet_paris\train\images\AOI_3_Paris_img235\AOI_3_Paris_img235_tile_003.tif,data\processed\spacenet_paris\train\masks\AOI_3_Paris_img235\AOI_3_Paris_img235_tile_003.tif,3,256,256,0,0.0,False
train,AOI_3_Paris_img235,AOI_3_Paris_img235_tile_004.tif,data\processed\spacenet_paris\train\images\AOI_3_Paris_img235\AOI_3_Paris_img235_tile_004.tif,data\processed\spacenet_paris\train\masks\AOI_3_Paris_img235\AOI_3_Paris_img235_tile_004.tif,3,256,256,0,0.0,False
train,AOI_3_Paris_img235,AOI_3_Paris_img235_tile_005.tif,data\processed\spacenet_paris\train\images\AOI_3_Paris_img235\AOI_3_Paris_img235_tile_005.tif,data\processed\spacenet_paris\train\masks\AOI_3_Paris_img235\AOI_3_Paris_img235_tile_005.tif,3,256,256,0,0.0,False
train,AOI_3_Paris_img235,AOI_3_Paris_img235_tile_006.tif,data\processed\spacenet_paris\train\images\AOI_3_Paris_img235\AOI_3_Paris_img235_tile_006.tif,data\processed\spacenet_paris\train\masks\AOI_3_Paris_img235\AOI_3_Paris_img235_tile_006.tif,3,256,256,0,0.0,False
train,AOI_3_Paris_img235,AOI_3_Paris_img235_tile_007.tif,data\processed\spacenet_paris\train\images\AOI_3_Paris_img235\AOI_3_Paris_img235_tile_007.tif,data\processed\spacenet_paris\train\masks\AOI_3_Paris_img235\AOI_3_Paris_img235_tile_007.tif,3,256,256,0,0.0,False
train,AOI_3_Paris_img235,AOI_3_Paris_img235_tile_008.tif,data\processed\spacenet_paris\train\images\AOI_3_Paris_img235\AOI_3_Paris_img235_tile_008.tif,data\processed\spacenet_paris\train\masks\AOI_3_Paris_img235\AOI_3_Paris_img235_tile_008.tif,3,256,256,0,0.0,False
train,AOI_3_Paris_img235,AOI_3_Paris_img235_tile_009.tif,data\processed\spacenet_paris\train\images\AOI_3_Paris_img235\AOI_3_Paris_img235_tile_009.tif,data\processed\spacenet_paris\train\masks\AOI_3_Paris_img235\AOI_3_Paris_img235_tile_009.tif,3,256,256,0,0.0,False
train,AOI_3_Paris_img235,AOI_3_Paris_img235_tile_010.tif,data\processed\spacenet_paris\train\images\AOI_3_Paris_img235\AOI_3_Paris_img235_tile_010.tif,data\processed\spacenet_paris\train\masks\AOI_3_Paris_img235\AOI_3_Paris_img235_tile_010.tif,3,256,256,0,0.0,False
train,AOI_3_Paris_img235,AOI_3_Paris_img235_tile_011.tif,data\processed\spacenet_paris\train\images\AOI_3_Paris_img235\AOI_3_Paris_img235_tile_011.tif,data\processed\spacenet_paris\train\masks\AOI_3_Paris_img235\AOI_3_Paris_img235_tile_011.tif,3,256,256,0,0.0,False
train,AOI_3_Paris_img235,AOI_3_Paris_img235_tile_012.tif,data\processed\spacenet_paris\train\images\AOI_3_Paris_img235\AOI_3_Paris_img235_tile_012.tif,data\processed\spacenet_paris\train\masks\AOI_3_Paris_img235\AOI_3_Paris_img235_tile_012.tif,3,256,256,0,0.0,False
train,AOI_3_Paris_img235,AOI_3_Paris_img235_tile_013.tif,data\processed\spacenet_paris\train\images\AOI_3_Paris_img235\AOI_3_Paris_img235_tile_013.tif,data\processed\spacenet_paris\train\masks\AOI_3_Paris_img235\AOI_3_Paris_img235_tile_013.tif,3,256,256,0,0.0,False
train,AOI_3_Paris_img235,AOI_3_Paris_img235_tile_014.tif,data\processed\spacenet_paris\train\images\AOI_3_Paris_img235\AOI_3_Paris_img235_tile_014.tif,data\processed\spacenet_paris\train\masks\AOI_3_Paris_img235\AOI_3_Paris_img235_tile_014.tif,3,256,256,0,0.0,False
train,AOI_3_Paris_img235,AOI_3_Paris_img235_tile_015.tif,data\processed\spacenet_paris\train\images\AOI_3_Paris_img235\AOI_3_Paris_img235_tile_015.tif,data\processed\spacenet_paris\train\masks\AOI_3_Paris_img235\AOI_3_Paris_img235_tile_015.tif,3,256,256,0,0.0,False
train,AOI_3_Paris_img235,AOI_3_Paris_img235_tile_016.tif,data\processed\spacenet_paris\train\images\AOI_3_Paris_img235\AOI_3_Paris_img235_tile_016.tif,data\processed\spacenet_paris\train\masks\AOI_3_Paris_img235\AOI_3_Paris_img235_tile_016.tif,3,256,256,0,0.0,False
train,AOI_3_Paris_img235,AOI_3_Paris_img235_tile_017.tif,data\processed\spacenet_paris\train\images\AOI_3_Paris_img235\AOI_3_Paris_img235_tile_017.tif,data\processed\spacenet_paris\train\masks\AOI_3_Paris_img235\AOI_3_Paris_img235_tile_017.tif,3,256,256,0,0.0,False
train,AOI_3_Paris_img235,AOI_3_Paris_img235_tile_018.tif,data\processed\spacenet_paris\train\images\AOI_3_Paris_img235\AOI_3_Paris_img235_tile_018.tif,data\processed\spacenet_paris\train\masks\AOI_3_Paris_img235\AOI_3_Paris_img235_tile_018.tif,3,256,256,0,0.0,False
train,AOI_3_Paris_img235,AOI_3_Paris_img235_tile_019.tif,data\processed\spacenet_paris\train\images\AOI_3_Paris_img235\AOI_3_Paris_img235_tile_019.tif,data\processed\spacenet_paris\train\masks\AOI_3_Paris_img235\AOI_3_Paris_img235_tile_019.tif,3,256,256,0,0.0,False
train,AOI_3_Paris_img235,AOI_3_Paris_img235_tile_020.tif,data\processed\spacenet_paris\train\images\AOI_3_Paris_img235\AOI_3_Paris_img235_tile_020.tif,data\processed\spacenet_paris\train\masks\AOI_3_Paris_img235\AOI_3_Paris_img235_tile_020.tif,3,256,256,0,0.0,False
train,AOI_3_Paris_img235,AOI_3_Paris_img235_tile_021.tif,data\processed\spacenet_paris\train\images\AOI_3_Paris_img235\AOI_3_Paris_img235_tile_021.tif,data\processed\spacenet_paris\train\masks\AOI_3_Paris_img235\AOI_3_Paris_img235_tile_021.tif,3,256,256,0,0.0,False
train,AOI_3_Paris_img235,AOI_3_Paris_img235_tile_022.tif,data\processed\spacenet_paris\train\images\AOI_3_Paris_img235\AOI_3_Paris_img235_tile_022.tif,data\processed\spacenet_paris\train\masks\AOI_3_Paris_img235\AOI_3_Paris_img235_tile_022.tif,3,256,256,0,0.0,False
train,AOI_3_Paris_img235,AOI_3_Paris_img235_tile_023.tif,data\processed\spacenet_paris\train\images\AOI_3_Paris_img235\AOI_3_Paris_img235_tile_023.tif,data\processed\spacenet_paris\train\masks\AOI_3_Paris_img235\AOI_3_Paris_img235_tile_023.tif,3,256,256,728,0.0111083984375,True
train,AOI_3_Paris_img235,AOI_3_Paris_img235_tile_024.tif,data\processed\spacenet_paris\train\images\AOI_3_Paris_img235\AOI_3_Paris_img235_tile_024.tif,data\processed\spacenet_paris\train\masks\AOI_3_Paris_img235\AOI_3_Paris_img235_tile_024.tif,3,256,256,0,0.0,False
train,AOI_3_Paris_img235,AOI_3_Paris_img235_tile_025.tif,data\processed\spacenet_paris\train\images\AOI_3_Paris_img235\AOI_3_Paris_img235_tile_025.tif,data\processed\spacenet_paris\train\masks\AOI_3_Paris_img235\AOI_3_Paris_img235_tile_025.tif,3,256,256,66,0.001007080078125,True
train,AOI_3_Paris_img235,AOI_3_Paris_img235_tile_026.tif,data\processed\spacenet_paris\train\images\AOI_3_Paris_img235\AOI_3_Paris_img235_tile_026.tif,data\processed\spacenet_paris\train\masks\AOI_3_Paris_img235\AOI_3_Paris_img235_tile_026.tif,3,256,256,2629,0.0401153564453125,True
train,AOI_3_Paris_img235,AOI_3_Paris_img235_tile_027.tif,data\processed\spacenet_paris\train\images\AOI_3_Paris_img235\AOI_3_Paris_img235_tile_027.tif,data\processed\spacenet_paris\train\masks\AOI_3_Paris_img235\AOI_3_Paris_img235_tile_027.tif,3,256,256,3575,0.0545501708984375,True
train,AOI_3_Paris_img235,AOI_3_Paris_img235_tile_028.tif,data\processed\spacenet_paris\train\images\AOI_3_Paris_img235\AOI_3_Paris_img235_tile_028.tif,data\processed\spacenet_paris\train\masks\AOI_3_Paris_img235\AOI_3_Paris_img235_tile_028.tif,3,256,256,3576,0.0545654296875,True
train,AOI_3_Paris_img235,AOI_3_Paris_img235_tile_029.tif,data\processed\spacenet_paris\train\images\AOI_3_Paris_img235\AOI_3_Paris_img235_tile_029.tif,data\processed\spacenet_paris\train\masks\AOI_3_Paris_img235\AOI_3_Paris_img235_tile_029.tif,3,256,256,3575,0.0545501708984375,True
train,AOI_3_Paris_img235,AOI_3_Paris_img235_tile_030.tif,data\processed\spacenet_paris\train\images\AOI_3_Paris_img235\AOI_3_Paris_img235_tile_030.tif,data\processed\spacenet_paris\train\masks\AOI_3_Paris_img235\AOI_3_Paris_img235_tile_030.tif,3,256,256,3566,0.054412841796875,True
train,AOI_3_Paris_img235,AOI_3_Paris_img235_tile_031.tif,data\processed\spacenet_paris\train\images\AOI_3_Paris_img235\AOI_3_Paris_img235_tile_031.tif,data\processed\spacenet_paris\train\masks\AOI_3_Paris_img235\AOI_3_Paris_img235_tile_031.tif,3,256,256,3575,0.0545501708984375,True
train,AOI_3_Paris_img235,AOI_3_Paris_img235_tile_032.tif,data\processed\spacenet_paris\train\images\AOI_3_Paris_img235\AOI_3_Paris_img235_tile_032.tif,data\processed\spacenet_paris\train\masks\AOI_3_Paris_img235\AOI_3_Paris_img235_tile_032.tif,3,256,256,3576,0.0545654296875,True
train,AOI_3_Paris_img235,AOI_3_Paris_img235_tile_033.tif,data\processed\spacenet_paris\train\images\AOI_3_Paris_img235\AOI_3_Paris_img235_tile_033.tif,data\processed\spacenet_paris\train\masks\AOI_3_Paris_img235\AOI_3_Paris_img235_tile_033.tif,3,256,256,1580,0.02410888671875,True
train,AOI_3_Paris_img235,AOI_3_Paris_img235_tile_034.tif,data\processed\spacenet_paris\train\images\AOI_3_Paris_img235\AOI_3_Paris_img235_tile_034.tif,data\processed\spacenet_paris\train\masks\AOI_3_Paris_img235\AOI_3_Paris_img235_tile_034.tif,3,256,256,0,0.0,False
train,AOI_3_Paris_img235,AOI_3_Paris_img235_tile_035.tif,data\processed\spacenet_paris\train\images\AOI_3_Paris_img235\AOI_3_Paris_img235_tile_035.tif,data\processed\spacenet_paris\train\masks\AOI_3_Paris_img235\AOI_3_Paris_img235_tile_035.tif,3,256,256,0,0.0,False
train,AOI_3_Paris_img28,AOI_3_Paris_img28_tile_000.tif,data\processed\spacenet_paris\train\images\AOI_3_Paris_img28\AOI_3_Paris_img28_tile_000.tif,data\processed\spacenet_paris\train\masks\AOI_3_Paris_img28\AOI_3_Paris_img28_tile_000.tif,3,256,256,0,0.0,False
train,AOI_3_Paris_img28,AOI_3_Paris_img28_tile_001.tif,data\processed\spacenet_paris\train\images\AOI_3_Paris_img28\AOI_3_Paris_img28_tile_001.tif,data\processed\spacenet_paris\train\masks\AOI_3_Paris_img28\AOI_3_Paris_img28_tile_001.tif,3,256,256,0,0.0,False
train,AOI_3_Paris_img28,AOI_3_Paris_img28_tile_002.tif,data\processed\spacenet_paris\train\images\AOI_3_Paris_img28\AOI_3_Paris_img28_tile_002.tif,data\processed\spacenet_paris\train\masks\AOI_3_Paris_img28\AOI_3_Paris_img28_tile_002.tif,3,256,256,0,0.0,False
train,AOI_3_Paris_img28,AOI_3_Paris_img28_tile_003.tif,data\processed\spacenet_paris\train\images\AOI_3_Paris_img28\AOI_3_Paris_img28_tile_003.tif,data\processed\spacenet_paris\train\masks\AOI_3_Paris_img28\AOI_3_Paris_img28_tile_003.tif,3,256,256,0,0.0,False
train,AOI_3_Paris_img28,AOI_3_Paris_img28_tile_004.tif,data\processed\spacenet_paris\train\images\AOI_3_Paris_img28\AOI_3_Paris_img28_tile_004.tif,data\processed\spacenet_paris\train\masks\AOI_3_Paris_img28\AOI_3_Paris_img28_tile_004.tif,3,256,256,5750,0.087738037109375,True
train,AOI_3_Paris_img28,AOI_3_Paris_img28_tile_005.tif,data\processed\spacenet_paris\train\images\AOI_3_Paris_img28\AOI_3_Paris_img28_tile_005.tif,data\processed\spacenet_paris\train\masks\AOI_3_Paris_img28\AOI_3_Paris_img28_tile_005.tif,3,256,256,8865,0.1352691650390625,True
train,AOI_3_Paris_img28,AOI_3_Paris_img28_tile_006.tif,data\processed\spacenet_paris\train\images\AOI_3_Paris_img28\AOI_3_Paris_img28_tile_006.tif,data\processed\spacenet_paris\train\masks\AOI_3_Paris_img28\AOI_3_Paris_img28_tile_006.tif,3,256,256,0,0.0,False
train,AOI_3_Paris_img28,AOI_3_Paris_img28_tile_007.tif,data\processed\spacenet_paris\train\images\AOI_3_Paris_img28\AOI_3_Paris_img28_tile_007.tif,data\processed\spacenet_paris\train\masks\AOI_3_Paris_img28\AOI_3_Paris_img28_tile_007.tif,3,256,256,0,0.0,False
train,AOI_3_Paris_img28,AOI_3_Paris_img28_tile_008.tif,data\processed\spacenet_paris\train\images\AOI_3_Paris_img28\AOI_3_Paris_img28_tile_008.tif,data\processed\spacenet_paris\train\masks\AOI_3_Paris_img28\AOI_3_Paris_img28_tile_008.tif,3,256,256,0,0.0,False
train,AOI_3_Paris_img28,AOI_3_Paris_img28_tile_009.tif,data\processed\spacenet_paris\train\images\AOI_3_Paris_img28\AOI_3_Paris_img28_tile_009.tif,data\processed\spacenet_paris\train\masks\AOI_3_Paris_img28\AOI_3_Paris_img28_tile_009.tif,3,256,256,260,0.00396728515625,True
train,AOI_3_Paris_img28,AOI_3_Paris_img28_tile_010.tif,data\processed\spacenet_paris\train\images\AOI_3_Paris_img28\AOI_3_Paris_img28_tile_010.tif,data\processed\spacenet_paris\train\masks\AOI_3_Paris_img28\AOI_3_Paris_img28_tile_010.tif,3,256,256,1905,0.0290679931640625,True
train,AOI_3_Paris_img28,AOI_3_Paris_img28_tile_011.tif,data\processed\spacenet_paris\train\images\AOI_3_Paris_img28\AOI_3_Paris_img28_tile_011.tif,data\processed\spacenet_paris\train\masks\AOI_3_Paris_img28\AOI_3_Paris_img28_tile_011.tif,3,256,256,4818,0.073516845703125,True
train,AOI_3_Paris_img28,AOI_3_Paris_img28_tile_012.tif,data\processed\spacenet_paris\train\images\AOI_3_Paris_img28\AOI_3_Paris_img28_tile_012.tif,data\processed\spacenet_paris\train\masks\AOI_3_Paris_img28\AOI_3_Paris_img28_tile_012.tif,3,256,256,0,0.0,False
train,AOI_3_Paris_img28,AOI_3_Paris_img28_tile_013.tif,data\processed\spacenet_paris\train\images\AOI_3_Paris_img28\AOI_3_Paris_img28_tile_013.tif,data\processed\spacenet_paris\train\masks\AOI_3_Paris_img28\AOI_3_Paris_img28_tile_013.tif,3,256,256,0,0.0,False
train,AOI_3_Paris_img28,AOI_3_Paris_img28_tile_014.tif,data\processed\spacenet_paris\train\images\AOI_3_Paris_img28\AOI_3_Paris_img28_tile_014.tif,data\processed\spacenet_paris\train\masks\AOI_3_Paris_img28\AOI_3_Paris_img28_tile_014.tif,3,256,256,0,0.0,False
train,AOI_3_Paris_img28,AOI_3_Paris_img28_tile_015.tif,data\processed\spacenet_paris\train\images\AOI_3_Paris_img28\AOI_3_Paris_img28_tile_015.tif,data\processed\spacenet_paris\train\masks\AOI_3_Paris_img28\AOI_3_Paris_img28_tile_015.tif,3,256,256,0,0.0,False
train,AOI_3_Paris_img28,AOI_3_Paris_img28_tile_016.tif,data\processed\spacenet_paris\train\images\AOI_3_Paris_img28\AOI_3_Paris_img28_tile_016.tif,data\processed\spacenet_paris\train\masks\AOI_3_Paris_img28\AOI_3_Paris_img28_tile_016.tif,3,256,256,0,0.0,False
train,AOI_3_Paris_img28,AOI_3_Paris_img28_tile_017.tif,data\processed\spacenet_paris\train\images\AOI_3_Paris_img28\AOI_3_Paris_img28_tile_017.tif,data\processed\spacenet_paris\train\masks\AOI_3_Paris_img28\AOI_3_Paris_img28_tile_017.tif,3,256,256,0,0.0,False
train,AOI_3_Paris_img28,AOI_3_Paris_img28_tile_018.tif,data\processed\spacenet_paris\train\images\AOI_3_Paris_img28\AOI_3_Paris_img28_tile_018.tif,data\processed\spacenet_paris\train\masks\AOI_3_Paris_img28\AOI_3_Paris_img28_tile_018.tif,3,256,256,0,0.0,False
train,AOI_3_Paris_img28,AOI_3_Paris_img28_tile_019.tif,data\processed\spacenet_paris\train\images\AOI_3_Paris_img28\AOI_3_Paris_img28_tile_019.tif,data\processed\spacenet_paris\train\masks\AOI_3_Paris_img28\AOI_3_Paris_img28_tile_019.tif,3,256,256,0,0.0,False
train,AOI_3_Paris_img28,AOI_3_Paris_img28_tile_020.tif,data\processed\spacenet_paris\train\images\AOI_3_Paris_img28\AOI_3_Paris_img28_tile_020.tif,data\processed\spacenet_paris\train\masks\AOI_3_Paris_img28\AOI_3_Paris_img28_tile_020.tif,3,256,256,0,0.0,False
train,AOI_3_Paris_img28,AOI_3_Paris_img28_tile_021.tif,data\processed\spacenet_paris\train\images\AOI_3_Paris_img28\AOI_3_Paris_img28_tile_021.tif,data\processed\spacenet_paris\train\masks\AOI_3_Paris_img28\AOI_3_Paris_img28_tile_021.tif,3,256,256,0,0.0,False
train,AOI_3_Paris_img28,AOI_3_Paris_img28_tile_022.tif,data\processed\spacenet_paris\train\images\AOI_3_Paris_img28\AOI_3_Paris_img28_tile_022.tif,data\processed\spacenet_paris\train\masks\AOI_3_Paris_img28\AOI_3_Paris_img28_tile_022.tif,3,256,256,0,0.0,False
train,AOI_3_Paris_img28,AOI_3_Paris_img28_tile_023.tif,data\processed\spacenet_paris\train\images\AOI_3_Paris_img28\AOI_3_Paris_img28_tile_023.tif,data\processed\spacenet_paris\train\masks\AOI_3_Paris_img28\AOI_3_Paris_img28_tile_023.tif,3,256,256,0,0.0,False
train,AOI_3_Paris_img28,AOI_3_Paris_img28_tile_024.tif,data\processed\spacenet_paris\train\images\AOI_3_Paris_img28\AOI_3_Paris_img28_tile_024.tif,data\processed\spacenet_paris\train\masks\AOI_3_Paris_img28\AOI_3_Paris_img28_tile_024.tif,3,256,256,0,0.0,False
train,AOI_3_Paris_img28,AOI_3_Paris_img28_tile_025.tif,data\processed\spacenet_paris\train\images\AOI_3_Paris_img28\AOI_3_Paris_img28_tile_025.tif,data\processed\spacenet_paris\train\masks\AOI_3_Paris_img28\AOI_3_Paris_img28_tile_025.tif,3,256,256,0,0.0,False
train,AOI_3_Paris_img28,AOI_3_Paris_img28_tile_026.tif,data\processed\spacenet_paris\train\images\AOI_3_Paris_img28\AOI_3_Paris_img28_tile_026.tif,data\processed\spacenet_paris\train\masks\AOI_3_Paris_img28\AOI_3_Paris_img28_tile_026.tif,3,256,256,0,0.0,False
train,AOI_3_Paris_img28,AOI_3_Paris_img28_tile_027.tif,data\processed\spacenet_paris\train\images\AOI_3_Paris_img28\AOI_3_Paris_img28_tile_027.tif,data\processed\spacenet_paris\train\masks\AOI_3_Paris_img28\AOI_3_Paris_img28_tile_027.tif,3,256,256,0,0.0,False
train,AOI_3_Paris_img28,AOI_3_Paris_img28_tile_028.tif,data\processed\spacenet_paris\train\images\AOI_3_Paris_img28\AOI_3_Paris_img28_tile_028.tif,data\processed\spacenet_paris\train\masks\AOI_3_Paris_img28\AOI_3_Paris_img28_tile_028.tif,3,256,256,0,0.0,False
train,AOI_3_Paris_img28,AOI_3_Paris_img28_tile_029.tif,data\processed\spacenet_paris\train\images\AOI_3_Paris_img28\AOI_3_Paris_img28_tile_029.tif,data\processed\spacenet_paris\train\masks\AOI_3_Paris_img28\AOI_3_Paris_img28_tile_029.tif,3,256,256,0,0.0,False
train,AOI_3_Paris_img28,AOI_3_Paris_img28_tile_030.tif,data\processed\spacenet_paris\train\images\AOI_3_Paris_img28\AOI_3_Paris_img28_tile_030.tif,data\processed\spacenet_paris\train\masks\AOI_3_Paris_img28\AOI_3_Paris_img28_tile_030.tif,3,256,256,0,0.0,False
train,AOI_3_Paris_img28,AOI_3_Paris_img28_tile_031.tif,data\processed\spacenet_paris\train\images\AOI_3_Paris_img28\AOI_3_Paris_img28_tile_031.tif,data\processed\spacenet_paris\train\masks\AOI_3_Paris_img28\AOI_3_Paris_img28_tile_031.tif,3,256,256,0,0.0,False
train,AOI_3_Paris_img28,AOI_3_Paris_img28_tile_032.tif,data\processed\spacenet_paris\train\images\AOI_3_Paris_img28\AOI_3_Paris_img28_tile_032.tif,data\processed\spacenet_paris\train\masks\AOI_3_Paris_img28\AOI_3_Paris_img28_tile_032.tif,3,256,256,0,0.0,False
train,AOI_3_Paris_img28,AOI_3_Paris_img28_tile_033.tif,data\processed\spacenet_paris\train\images\AOI_3_Paris_img28\AOI_3_Paris_img28_tile_033.tif,data\processed\spacenet_paris\train\masks\AOI_3_Paris_img28\AOI_3_Paris_img28_tile_033.tif,3,256,256,0,0.0,False
train,AOI_3_Paris_img28,AOI_3_Paris_img28_tile_034.tif,data\processed\spacenet_paris\train\images\AOI_3_Paris_img28\AOI_3_Paris_img28_tile_034.tif,data\processed\spacenet_paris\train\masks\AOI_3_Paris_img28\AOI_3_Paris_img28_tile_034.tif,3,256,256,0,0.0,False
train,AOI_3_Paris_img28,AOI_3_Paris_img28_tile_035.tif,data\processed\spacenet_paris\train\images\AOI_3_Paris_img28\AOI_3_Paris_img28_tile_035.tif,data\processed\spacenet_paris\train\masks\AOI_3_Paris_img28\AOI_3_Paris_img28_tile_035.tif,3,256,256,0,0.0,False
train,AOI_3_Paris_img307,AOI_3_Paris_img307_tile_000.tif,data\processed\spacenet_paris\train\images\AOI_3_Paris_img307\AOI_3_Paris_img307_tile_000.tif,data\processed\spacenet_paris\train\masks\AOI_3_Paris_img307\AOI_3_Paris_img307_tile_000.tif,3,256,256,5128,0.0782470703125,True
train,AOI_3_Paris_img307,AOI_3_Paris_img307_tile_001.tif,data\processed\spacenet_paris\train\images\AOI_3_Paris_img307\AOI_3_Paris_img307_tile_001.tif,data\processed\spacenet_paris\train\masks\AOI_3_Paris_img307\AOI_3_Paris_img307_tile_001.tif,3,256,256,465,0.0070953369140625,True
train,AOI_3_Paris_img307,AOI_3_Paris_img307_tile_002.tif,data\processed\spacenet_paris\train\images\AOI_3_Paris_img307\AOI_3_Paris_img307_tile_002.tif,data\processed\spacenet_paris\train\masks\AOI_3_Paris_img307\AOI_3_Paris_img307_tile_002.tif,3,256,256,0,0.0,False
train,AOI_3_Paris_img307,AOI_3_Paris_img307_tile_003.tif,data\processed\spacenet_paris\train\images\AOI_3_Paris_img307\AOI_3_Paris_img307_tile_003.tif,data\processed\spacenet_paris\train\masks\AOI_3_Paris_img307\AOI_3_Paris_img307_tile_003.tif,3,256,256,0,0.0,False
train,AOI_3_Paris_img307,AOI_3_Paris_img307_tile_004.tif,data\processed\spacenet_paris\train\images\AOI_3_Paris_img307\AOI_3_Paris_img307_tile_004.tif,data\processed\spacenet_paris\train\masks\AOI_3_Paris_img307\AOI_3_Paris_img307_tile_004.tif,3,256,256,0,0.0,False
train,AOI_3_Paris_img307,AOI_3_Paris_img307_tile_005.tif,data\processed\spacenet_paris\train\images\AOI_3_Paris_img307\AOI_3_Paris_img307_tile_005.tif,data\processed\spacenet_paris\train\masks\AOI_3_Paris_img307\AOI_3_Paris_img307_tile_005.tif,3,256,256,1353,0.0206451416015625,True
train,AOI_3_Paris_img307,AOI_3_Paris_img307_tile_006.tif,data\processed\spacenet_paris\train\images\AOI_3_Paris_img307\AOI_3_Paris_img307_tile_006.tif,data\processed\spacenet_paris\train\masks\AOI_3_Paris_img307\AOI_3_Paris_img307_tile_006.tif,3,256,256,6267,0.0956268310546875,True
train,AOI_3_Paris_img307,AOI_3_Paris_img307_tile_007.tif,data\processed\spacenet_paris\train\images\AOI_3_Paris_img307\AOI_3_Paris_img307_tile_007.tif,data\processed\spacenet_paris\train\masks\AOI_3_Paris_img307\AOI_3_Paris_img307_tile_007.tif,3,256,256,0,0.0,False
train,AOI_3_Paris_img307,AOI_3_Paris_img307_tile_008.tif,data\processed\spacenet_paris\train\images\AOI_3_Paris_img307\AOI_3_Paris_img307_tile_008.tif,data\processed\spacenet_paris\train\masks\AOI_3_Paris_img307\AOI_3_Paris_img307_tile_008.tif,3,256,256,0,0.0,False
train,AOI_3_Paris_img307,AOI_3_Paris_img307_tile_009.tif,data\processed\spacenet_paris\train\images\AOI_3_Paris_img307\AOI_3_Paris_img307_tile_009.tif,data\processed\spacenet_paris\train\masks\AOI_3_Paris_img307\AOI_3_Paris_img307_tile_009.tif,3,256,256,0,0.0,False
train,AOI_3_Paris_img307,AOI_3_Paris_img307_tile_010.tif,data\processed\spacenet_paris\train\images\AOI_3_Paris_img307\AOI_3_Paris_img307_tile_010.tif,data\processed\spacenet_paris\train\masks\AOI_3_Paris_img307\AOI_3_Paris_img307_tile_010.tif,3,256,256,2178,0.033233642578125,True
train,AOI_3_Paris_img307,AOI_3_Paris_img307_tile_011.tif,data\processed\spacenet_paris\train\images\AOI_3_Paris_img307\AOI_3_Paris_img307_tile_011.tif,data\processed\spacenet_paris\train\masks\AOI_3_Paris_img307\AOI_3_Paris_img307_tile_011.tif,3,256,256,5131,0.0782928466796875,True
train,AOI_3_Paris_img307,AOI_3_Paris_img307_tile_012.tif,data\processed\spacenet_paris\train\images\AOI_3_Paris_img307\AOI_3_Paris_img307_tile_012.tif,data\processed\spacenet_paris\train\masks\AOI_3_Paris_img307\AOI_3_Paris_img307_tile_012.tif,3,256,256,3338,0.050933837890625,True
train,AOI_3_Paris_img307,AOI_3_Paris_img307_tile_013.tif,data\processed\spacenet_paris\train\images\AOI_3_Paris_img307\AOI_3_Paris_img307_tile_013.tif,data\processed\spacenet_paris\train\masks\AOI_3_Paris_img307\AOI_3_Paris_img307_tile_013.tif,3,256,256,0,0.0,False
train,AOI_3_Paris_img307,AOI_3_Paris_img307_tile_014.tif,data\processed\spacenet_paris\train\images\AOI_3_Paris_img307\AOI_3_Paris_img307_tile_014.tif,data\processed\spacenet_paris\train\masks\AOI_3_Paris_img307\AOI_3_Paris_img307_tile_014.tif,3,256,256,0,0.0,False
train,AOI_3_Paris_img307,AOI_3_Paris_img307_tile_015.tif,data\processed\spacenet_paris\train\images\AOI_3_Paris_img307\AOI_3_Paris_img307_tile_015.tif,data\processed\spacenet_paris\train\masks\AOI_3_Paris_img307\AOI_3_Paris_img307_tile_015.tif,3,256,256,2957,0.0451202392578125,True
train,AOI_3_Paris_img307,AOI_3_Paris_img307_tile_016.tif,data\processed\spacenet_paris\train\images\AOI_3_Paris_img307\AOI_3_Paris_img307_tile_016.tif,data\processed\spacenet_paris\train\masks\AOI_3_Paris_img307\AOI_3_Paris_img307_tile_016.tif,3,256,256,4535,0.0691986083984375,True
train,AOI_3_Paris_img307,AOI_3_Paris_img307_tile_017.tif,data\processed\spacenet_paris\train\images\AOI_3_Paris_img307\AOI_3_Paris_img307_tile_017.tif,data\processed\spacenet_paris\train\masks\AOI_3_Paris_img307\AOI_3_Paris_img307_tile_017.tif,3,256,256,659,0.0100555419921875,True
train,AOI_3_Paris_img307,AOI_3_Paris_img307_tile_018.tif,data\processed\spacenet_paris\train\images\AOI_3_Paris_img307\AOI_3_Paris_img307_tile_018.tif,data\processed\spacenet_paris\train\masks\AOI_3_Paris_img307\AOI_3_Paris_img307_tile_018.tif,3,256,256,3532,0.05389404296875,True
train,AOI_3_Paris_img307,AOI_3_Paris_img307_tile_019.tif,data\processed\spacenet_paris\train\images\AOI_3_Paris_img307\AOI_3_Paris_img307_tile_019.tif,data\processed\spacenet_paris\train\masks\AOI_3_Paris_img307\AOI_3_Paris_img307_tile_019.tif,3,256,256,29,0.0004425048828125,True
train,AOI_3_Paris_img307,AOI_3_Paris_img307_tile_020.tif,data\processed\spacenet_paris\train\images\AOI_3_Paris_img307\AOI_3_Paris_img307_tile_020.tif,data\processed\spacenet_paris\train\masks\AOI_3_Paris_img307\AOI_3_Paris_img307_tile_020.tif,3,256,256,3775,0.0576019287109375,True
train,AOI_3_Paris_img307,AOI_3_Paris_img307_tile_021.tif,data\processed\spacenet_paris\train\images\AOI_3_Paris_img307\AOI_3_Paris_img307_tile_021.tif,data\processed\spacenet_paris\train\masks\AOI_3_Paris_img307\AOI_3_Paris_img307_tile_021.tif,3,256,256,3744,0.05712890625,True
train,AOI_3_Paris_img307,AOI_3_Paris_img307_tile_022.tif,data\processed\spacenet_paris\train\images\AOI_3_Paris_img307\AOI_3_Paris_img307_tile_022.tif,data\processed\spacenet_paris\train\masks\AOI_3_Paris_img307\AOI_3_Paris_img307_tile_022.tif,3,256,256,19,0.0002899169921875,True
train,AOI_3_Paris_img307,AOI_3_Paris_img307_tile_023.tif,data\processed\spacenet_paris\train\images\AOI_3_Paris_img307\AOI_3_Paris_img307_tile_023.tif,data\processed\spacenet_paris\train\masks\AOI_3_Paris_img307\AOI_3_Paris_img307_tile_023.tif,3,256,256,0,0.0,False
train,AOI_3_Paris_img307,AOI_3_Paris_img307_tile_024.tif,data\processed\spacenet_paris\train\images\AOI_3_Paris_img307\AOI_3_Paris_img307_tile_024.tif,data\processed\spacenet_paris\train\masks\AOI_3_Paris_img307\AOI_3_Paris_img307_tile_024.tif,3,256,256,3201,0.0488433837890625,True
train,AOI_3_Paris_img307,AOI_3_Paris_img307_tile_025.tif,data\processed\spacenet_paris\train\images\AOI_3_Paris_img307\AOI_3_Paris_img307_tile_025.tif,data\processed\spacenet_paris\train\masks\AOI_3_Paris_img307\AOI_3_Paris_img307_tile_025.tif,3,256,256,4789,0.0730743408203125,True
train,AOI_3_Paris_img307,AOI_3_Paris_img307_tile_026.tif,data\processed\spacenet_paris\train\images\AOI_3_Paris_img307\AOI_3_Paris_img307_tile_026.tif,data\processed\spacenet_paris\train\masks\AOI_3_Paris_img307\AOI_3_Paris_img307_tile_026.tif,3,256,256,2876,0.04388427734375,True
train,AOI_3_Paris_img307,AOI_3_Paris_img307_tile_027.tif,data\processed\spacenet_paris\train\images\AOI_3_Paris_img307\AOI_3_Paris_img307_tile_027.tif,data\processed\spacenet_paris\train\masks\AOI_3_Paris_img307\AOI_3_Paris_img307_tile_027.tif,3,256,256,0,0.0,False
train,AOI_3_Paris_img307,AOI_3_Paris_img307_tile_028.tif,data\processed\spacenet_paris\train\images\AOI_3_Paris_img307\AOI_3_Paris_img307_tile_028.tif,data\processed\spacenet_paris\train\masks\AOI_3_Paris_img307\AOI_3_Paris_img307_tile_028.tif,3,256,256,0,0.0,False
train,AOI_3_Paris_img307,AOI_3_Paris_img307_tile_029.tif,data\processed\spacenet_paris\train\images\AOI_3_Paris_img307\AOI_3_Paris_img307_tile_029.tif,data\processed\spacenet_paris\train\masks\AOI_3_Paris_img307\AOI_3_Paris_img307_tile_029.tif,3,256,256,0,0.0,False
train,AOI_3_Paris_img307,AOI_3_Paris_img307_tile_030.tif,data\processed\spacenet_paris\train\images\AOI_3_Paris_img307\AOI_3_Paris_img307_tile_030.tif,data\processed\spacenet_paris\train\masks\AOI_3_Paris_img307\AOI_3_Paris_img307_tile_030.tif,3,256,256,5253,0.0801544189453125,True
train,AOI_3_Paris_img307,AOI_3_Paris_img307_tile_031.tif,data\processed\spacenet_paris\train\images\AOI_3_Paris_img307\AOI_3_Paris_img307_tile_031.tif,data\processed\spacenet_paris\train\masks\AOI_3_Paris_img307\AOI_3_Paris_img307_tile_031.tif,3,256,256,1482,0.022613525390625,True
train,AOI_3_Paris_img307,AOI_3_Paris_img307_tile_032.tif,data\processed\spacenet_paris\train\images\AOI_3_Paris_img307\AOI_3_Paris_img307_tile_032.tif,data\processed\spacenet_paris\train\masks\AOI_3_Paris_img307\AOI_3_Paris_img307_tile_032.tif,3,256,256,0,0.0,False
train,AOI_3_Paris_img307,AOI_3_Paris_img307_tile_033.tif,data\processed\spacenet_paris\train\images\AOI_3_Paris_img307\AOI_3_Paris_img307_tile_033.tif,data\processed\spacenet_paris\train\masks\AOI_3_Paris_img307\AOI_3_Paris_img307_tile_033.tif,3,256,256,0,0.0,False
train,AOI_3_Paris_img307,AOI_3_Paris_img307_tile_034.tif,data\processed\spacenet_paris\train\images\AOI_3_Paris_img307\AOI_3_Paris_img307_tile_034.tif,data\processed\spacenet_paris\train\masks\AOI_3_Paris_img307\AOI_3_Paris_img307_tile_034.tif,3,256,256,0,0.0,False
train,AOI_3_Paris_img307,AOI_3_Paris_img307_tile_035.tif,data\processed\spacenet_paris\train\images\AOI_3_Paris_img307\AOI_3_Paris_img307_tile_035.tif,data\processed\spacenet_paris\train\masks\AOI_3_Paris_img307\AOI_3_Paris_img307_tile_035.tif,3,256,256,0,0.0,False
train,AOI_3_Paris_img340,AOI_3_Paris_img340_tile_000.tif,data\processed\spacenet_paris\train\images\AOI_3_Paris_img340\AOI_3_Paris_img340_tile_000.tif,data\processed\spacenet_paris\train\masks\AOI_3_Paris_img340\AOI_3_Paris_img340_tile_000.tif,3,256,256,213,0.0032501220703125,True
train,AOI_3_Paris_img340,AOI_3_Paris_img340_tile_001.tif,data\processed\spacenet_paris\train\images\AOI_3_Paris_img340\AOI_3_Paris_img340_tile_001.tif,data\processed\spacenet_paris\train\masks\AOI_3_Paris_img340\AOI_3_Paris_img340_tile_001.tif,3,256,256,762,0.011627197265625,True
train,AOI_3_Paris_img340,AOI_3_Paris_img340_tile_002.tif,data\processed\spacenet_paris\train\images\AOI_3_Paris_img340\AOI_3_Paris_img340_tile_002.tif,data\processed\spacenet_paris\train\masks\AOI_3_Paris_img340\AOI_3_Paris_img340_tile_002.tif,3,256,256,3119,0.0475921630859375,True
train,AOI_3_Paris_img340,AOI_3_Paris_img340_tile_003.tif,data\processed\spacenet_paris\train\images\AOI_3_Paris_img340\AOI_3_Paris_img340_tile_003.tif,data\processed\spacenet_paris\train\masks\AOI_3_Paris_img340\AOI_3_Paris_img340_tile_003.tif,3,256,256,875,0.0133514404296875,True
train,AOI_3_Paris_img340,AOI_3_Paris_img340_tile_004.tif,data\processed\spacenet_paris\train\images\AOI_3_Paris_img340\AOI_3_Paris_img340_tile_004.tif,data\processed\spacenet_paris\train\masks\AOI_3_Paris_img340\AOI_3_Paris_img340_tile_004.tif,3,256,256,0,0.0,False
train,AOI_3_Paris_img340,AOI_3_Paris_img340_tile_005.tif,data\processed\spacenet_paris\train\images\AOI_3_Paris_img340\AOI_3_Paris_img340_tile_005.tif,data\processed\spacenet_paris\train\masks\AOI_3_Paris_img340\AOI_3_Paris_img340_tile_005.tif,3,256,256,0,0.0,False
train,AOI_3_Paris_img340,AOI_3_Paris_img340_tile_006.tif,data\processed\spacenet_paris\train\images\AOI_3_Paris_img340\AOI_3_Paris_img340_tile_006.tif,data\processed\spacenet_paris\train\masks\AOI_3_Paris_img340\AOI_3_Paris_img340_tile_006.tif,3,256,256,9855,0.1503753662109375,True
train,AOI_3_Paris_img340,AOI_3_Paris_img340_tile_007.tif,data\processed\spacenet_paris\train\images\AOI_3_Paris_img340\AOI_3_Paris_img340_tile_007.tif,data\processed\spacenet_paris\train\masks\AOI_3_Paris_img340\AOI_3_Paris_img340_tile_007.tif,3,256,256,10313,0.1573638916015625,True
train,AOI_3_Paris_img340,AOI_3_Paris_img340_tile_008.tif,data\processed\spacenet_paris\train\images\AOI_3_Paris_img340\AOI_3_Paris_img340_tile_008.tif,data\processed\spacenet_paris\train\masks\AOI_3_Paris_img340\AOI_3_Paris_img340_tile_008.tif,3,256,256,9507,0.1450653076171875,True
train,AOI_3_Paris_img340,AOI_3_Paris_img340_tile_009.tif,data\processed\spacenet_paris\train\images\AOI_3_Paris_img340\AOI_3_Paris_img340_tile_009.tif,data\processed\spacenet_paris\train\masks\AOI_3_Paris_img340\AOI_3_Paris_img340_tile_009.tif,3,256,256,9699,0.1479949951171875,True
train,AOI_3_Paris_img340,AOI_3_Paris_img340_tile_010.tif,data\processed\spacenet_paris\train\images\AOI_3_Paris_img340\AOI_3_Paris_img340_tile_010.tif,data\processed\spacenet_paris\train\masks\AOI_3_Paris_img340\AOI_3_Paris_img340_tile_010.tif,3,256,256,3379,0.0515594482421875,True
train,AOI_3_Paris_img340,AOI_3_Paris_img340_tile_011.tif,data\processed\spacenet_paris\train\images\AOI_3_Paris_img340\AOI_3_Paris_img340_tile_011.tif,data\processed\spacenet_paris\train\masks\AOI_3_Paris_img340\AOI_3_Paris_img340_tile_011.tif,3,256,256,3997,0.0609893798828125,True
train,AOI_3_Paris_img340,AOI_3_Paris_img340_tile_012.tif,data\processed\spacenet_paris\train\images\AOI_3_Paris_img340\AOI_3_Paris_img340_tile_012.tif,data\processed\spacenet_paris\train\masks\AOI_3_Paris_img340\AOI_3_Paris_img340_tile_012.tif,3,256,256,8539,0.1302947998046875,True
train,AOI_3_Paris_img340,AOI_3_Paris_img340_tile_013.tif,data\processed\spacenet_paris\train\images\AOI_3_Paris_img340\AOI_3_Paris_img340_tile_013.tif,data\processed\spacenet_paris\train\masks\AOI_3_Paris_img340\AOI_3_Paris_img340_tile_013.tif,3,256,256,5948,0.09075927734375,True
train,AOI_3_Paris_img340,AOI_3_Paris_img340_tile_014.tif,data\processed\spacenet_paris\train\images\AOI_3_Paris_img340\AOI_3_Paris_img340_tile_014.tif,data\processed\spacenet_paris\train\masks\AOI_3_Paris_img340\AOI_3_Paris_img340_tile_014.tif,3,256,256,959,0.0146331787109375,True
train,AOI_3_Paris_img340,AOI_3_Paris_img340_tile_015.tif,data\processed\spacenet_paris\train\images\AOI_3_Paris_img340\AOI_3_Paris_img340_tile_015.tif,data\processed\spacenet_paris\train\masks\AOI_3_Paris_img340\AOI_3_Paris_img340_tile_015.tif,3,256,256,4750,0.072479248046875,True
train,AOI_3_Paris_img340,AOI_3_Paris_img340_tile_016.tif,data\processed\spacenet_paris\train\images\AOI_3_Paris_img340\AOI_3_Paris_img340_tile_016.tif,data\processed\spacenet_paris\train\masks\AOI_3_Paris_img340\AOI_3_Paris_img340_tile_016.tif,3,256,256,6913,0.1054840087890625,True
train,AOI_3_Paris_img340,AOI_3_Paris_img340_tile_017.tif,data\processed\spacenet_paris\train\images\AOI_3_Paris_img340\AOI_3_Paris_img340_tile_017.tif,data\processed\spacenet_paris\train\masks\AOI_3_Paris_img340\AOI_3_Paris_img340_tile_017.tif,3,256,256,5374,0.082000732421875,True
train,AOI_3_Paris_img340,AOI_3_Paris_img340_tile_018.tif,data\processed\spacenet_paris\train\images\AOI_3_Paris_img340\AOI_3_Paris_img340_tile_018.tif,data\processed\spacenet_paris\train\masks\AOI_3_Paris_img340\AOI_3_Paris_img340_tile_018.tif,3,256,256,5236,0.07989501953125,True
train,AOI_3_Paris_img340,AOI_3_Paris_img340_tile_019.tif,data\processed\spacenet_paris\train\images\AOI_3_Paris_img340\AOI_3_Paris_img340_tile_019.tif,data\processed\spacenet_paris\train\masks\AOI_3_Paris_img340\AOI_3_Paris_img340_tile_019.tif,3,256,256,1478,0.022552490234375,True
train,AOI_3_Paris_img340,AOI_3_Paris_img340_tile_020.tif,data\processed\spacenet_paris\train\images\AOI_3_Paris_img340\AOI_3_Paris_img340_tile_020.tif,data\processed\spacenet_paris\train\masks\AOI_3_Paris_img340\AOI_3_Paris_img340_tile_020.tif,3,256,256,0,0.0,False
train,AOI_3_Paris_img340,AOI_3_Paris_img340_tile_021.tif,data\processed\spacenet_paris\train\images\AOI_3_Paris_img340\AOI_3_Paris_img340_tile_021.tif,data\processed\spacenet_paris\train\masks\AOI_3_Paris_img340\AOI_3_Paris_img340_tile_021.tif,3,256,256,0,0.0,False
train,AOI_3_Paris_img340,AOI_3_Paris_img340_tile_022.tif,data\processed\spacenet_paris\train\images\AOI_3_Paris_img340\AOI_3_Paris_img340_tile_022.tif,data\processed\spacenet_paris\train\masks\AOI_3_Paris_img340\AOI_3_Paris_img340_tile_022.tif,3,256,256,0,0.0,False
train,AOI_3_Paris_img340,AOI_3_Paris_img340_tile_023.tif,data\processed\spacenet_paris\train\images\AOI_3_Paris_img340\AOI_3_Paris_img340_tile_023.tif,data\processed\spacenet_paris\train\masks\AOI_3_Paris_img340\AOI_3_Paris_img340_tile_023.tif,3,256,256,342,0.005218505859375,True
train,AOI_3_Paris_img340,AOI_3_Paris_img340_tile_024.tif,data\processed\spacenet_paris\train\images\AOI_3_Paris_img340\AOI_3_Paris_img340_tile_024.tif,data\processed\spacenet_paris\train\masks\AOI_3_Paris_img340\AOI_3_Paris_img340_tile_024.tif,3,256,256,2030,0.030975341796875,True
train,AOI_3_Paris_img340,AOI_3_Paris_img340_tile_025.tif,data\processed\spacenet_paris\train\images\AOI_3_Paris_img340\AOI_3_Paris_img340_tile_025.tif,data\processed\spacenet_paris\train\masks\AOI_3_Paris_img340\AOI_3_Paris_img340_tile_025.tif,3,256,256,0,0.0,False
train,AOI_3_Paris_img340,AOI_3_Paris_img340_tile_026.tif,data\processed\spacenet_paris\train\images\AOI_3_Paris_img340\AOI_3_Paris_img340_tile_026.tif,data\processed\spacenet_paris\train\masks\AOI_3_Paris_img340\AOI_3_Paris_img340_tile_026.tif,3,256,256,0,0.0,False
train,AOI_3_Paris_img340,AOI_3_Paris_img340_tile_027.tif,data\processed\spacenet_paris\train\images\AOI_3_Paris_img340\AOI_3_Paris_img340_tile_027.tif,data\processed\spacenet_paris\train\masks\AOI_3_Paris_img340\AOI_3_Paris_img340_tile_027.tif,3,256,256,0,0.0,False
train,AOI_3_Paris_img340,AOI_3_Paris_img340_tile_028.tif,data\processed\spacenet_paris\train\images\AOI_3_Paris_img340\AOI_3_Paris_img340_tile_028.tif,data\processed\spacenet_paris\train\masks\AOI_3_Paris_img340\AOI_3_Paris_img340_tile_028.tif,3,256,256,0,0.0,False
train,AOI_3_Paris_img340,AOI_3_Paris_img340_tile_029.tif,data\processed\spacenet_paris\train\images\AOI_3_Paris_img340\AOI_3_Paris_img340_tile_029.tif,data\processed\spacenet_paris\train\masks\AOI_3_Paris_img340\AOI_3_Paris_img340_tile_029.tif,3,256,256,0,0.0,False
train,AOI_3_Paris_img340,AOI_3_Paris_img340_tile_030.tif,data\processed\spacenet_paris\train\images\AOI_3_Paris_img340\AOI_3_Paris_img340_tile_030.tif,data\processed\spacenet_paris\train\masks\AOI_3_Paris_img340\AOI_3_Paris_img340_tile_030.tif,3,256,256,0,0.0,False
train,AOI_3_Paris_img340,AOI_3_Paris_img340_tile_031.tif,data\processed\spacenet_paris\train\images\AOI_3_Paris_img340\AOI_3_Paris_img340_tile_031.tif,data\processed\spacenet_paris\train\masks\AOI_3_Paris_img340\AOI_3_Paris_img340_tile_031.tif,3,256,256,0,0.0,False
train,AOI_3_Paris_img340,AOI_3_Paris_img340_tile_032.tif,data\processed\spacenet_paris\train\images\AOI_3_Paris_img340\AOI_3_Paris_img340_tile_032.tif,data\processed\spacenet_paris\train\masks\AOI_3_Paris_img340\AOI_3_Paris_img340_tile_032.tif,3,256,256,0,0.0,False
train,AOI_3_Paris_img340,AOI_3_Paris_img340_tile_033.tif,data\processed\spacenet_paris\train\images\AOI_3_Paris_img340\AOI_3_Paris_img340_tile_033.tif,data\processed\spacenet_paris\train\masks\AOI_3_Paris_img340\AOI_3_Paris_img340_tile_033.tif,3,256,256,0,0.0,False
train,AOI_3_Paris_img340,AOI_3_Paris_img340_tile_034.tif,data\processed\spacenet_paris\train\images\AOI_3_Paris_img340\AOI_3_Paris_img340_tile_034.tif,data\processed\spacenet_paris\train\masks\AOI_3_Paris_img340\AOI_3_Paris_img340_tile_034.tif,3,256,256,0,0.0,False
train,AOI_3_Paris_img340,AOI_3_Paris_img340_tile_035.tif,data\processed\spacenet_paris\train\images\AOI_3_Paris_img340\AOI_3_Paris_img340_tile_035.tif,data\processed\spacenet_paris\train\masks\AOI_3_Paris_img340\AOI_3_Paris_img340_tile_035.tif,3,256,256,0,0.0,False
train,AOI_3_Paris_img38,AOI_3_Paris_img38_tile_000.tif,data\processed\spacenet_paris\train\images\AOI_3_Paris_img38\AOI_3_Paris_img38_tile_000.tif,data\processed\spacenet_paris\train\masks\AOI_3_Paris_img38\AOI_3_Paris_img38_tile_000.tif,3,256,256,0,0.0,False
train,AOI_3_Paris_img38,AOI_3_Paris_img38_tile_001.tif,data\processed\spacenet_paris\train\images\AOI_3_Paris_img38\AOI_3_Paris_img38_tile_001.tif,data\processed\spacenet_paris\train\masks\AOI_3_Paris_img38\AOI_3_Paris_img38_tile_001.tif,3,256,256,0,0.0,False
train,AOI_3_Paris_img38,AOI_3_Paris_img38_tile_002.tif,data\processed\spacenet_paris\train\images\AOI_3_Paris_img38\AOI_3_Paris_img38_tile_002.tif,data\processed\spacenet_paris\train\masks\AOI_3_Paris_img38\AOI_3_Paris_img38_tile_002.tif,3,256,256,0,0.0,False
train,AOI_3_Paris_img38,AOI_3_Paris_img38_tile_003.tif,data\processed\spacenet_paris\train\images\AOI_3_Paris_img38\AOI_3_Paris_img38_tile_003.tif,data\processed\spacenet_paris\train\masks\AOI_3_Paris_img38\AOI_3_Paris_img38_tile_003.tif,3,256,256,0,0.0,False
train,AOI_3_Paris_img38,AOI_3_Paris_img38_tile_004.tif,data\processed\spacenet_paris\train\images\AOI_3_Paris_img38\AOI_3_Paris_img38_tile_004.tif,data\processed\spacenet_paris\train\masks\AOI_3_Paris_img38\AOI_3_Paris_img38_tile_004.tif,3,256,256,0,0.0,False
train,AOI_3_Paris_img38,AOI_3_Paris_img38_tile_005.tif,data\processed\spacenet_paris\train\images\AOI_3_Paris_img38\AOI_3_Paris_img38_tile_005.tif,data\processed\spacenet_paris\train\masks\AOI_3_Paris_img38\AOI_3_Paris_img38_tile_005.tif,3,256,256,0,0.0,False
train,AOI_3_Paris_img38,AOI_3_Paris_img38_tile_006.tif,data\processed\spacenet_paris\train\images\AOI_3_Paris_img38\AOI_3_Paris_img38_tile_006.tif,data\processed\spacenet_paris\train\masks\AOI_3_Paris_img38\AOI_3_Paris_img38_tile_006.tif,3,256,256,0,0.0,False
train,AOI_3_Paris_img38,AOI_3_Paris_img38_tile_007.tif,data\processed\spacenet_paris\train\images\AOI_3_Paris_img38\AOI_3_Paris_img38_tile_007.tif,data\processed\spacenet_paris\train\masks\AOI_3_Paris_img38\AOI_3_Paris_img38_tile_007.tif,3,256,256,0,0.0,False
train,AOI_3_Paris_img38,AOI_3_Paris_img38_tile_008.tif,data\processed\spacenet_paris\train\images\AOI_3_Paris_img38\AOI_3_Paris_img38_tile_008.tif,data\processed\spacenet_paris\train\masks\AOI_3_Paris_img38\AOI_3_Paris_img38_tile_008.tif,3,256,256,0,0.0,False
train,AOI_3_Paris_img38,AOI_3_Paris_img38_tile_009.tif,data\processed\spacenet_paris\train\images\AOI_3_Paris_img38\AOI_3_Paris_img38_tile_009.tif,data\processed\spacenet_paris\train\masks\AOI_3_Paris_img38\AOI_3_Paris_img38_tile_009.tif,3,256,256,0,0.0,False
train,AOI_3_Paris_img38,AOI_3_Paris_img38_tile_010.tif,data\processed\spacenet_paris\train\images\AOI_3_Paris_img38\AOI_3_Paris_img38_tile_010.tif,data\processed\spacenet_paris\train\masks\AOI_3_Paris_img38\AOI_3_Paris_img38_tile_010.tif,3,256,256,0,0.0,False
train,AOI_3_Paris_img38,AOI_3_Paris_img38_tile_011.tif,data\processed\spacenet_paris\train\images\AOI_3_Paris_img38\AOI_3_Paris_img38_tile_011.tif,data\processed\spacenet_paris\train\masks\AOI_3_Paris_img38\AOI_3_Paris_img38_tile_011.tif,3,256,256,0,0.0,False
train,AOI_3_Paris_img38,AOI_3_Paris_img38_tile_012.tif,data\processed\spacenet_paris\train\images\AOI_3_Paris_img38\AOI_3_Paris_img38_tile_012.tif,data\processed\spacenet_paris\train\masks\AOI_3_Paris_img38\AOI_3_Paris_img38_tile_012.tif,3,256,256,0,0.0,False
train,AOI_3_Paris_img38,AOI_3_Paris_img38_tile_013.tif,data\processed\spacenet_paris\train\images\AOI_3_Paris_img38\AOI_3_Paris_img38_tile_013.tif,data\processed\spacenet_paris\train\masks\AOI_3_Paris_img38\AOI_3_Paris_img38_tile_013.tif,3,256,256,0,0.0,False
train,AOI_3_Paris_img38,AOI_3_Paris_img38_tile_014.tif,data\processed\spacenet_paris\train\images\AOI_3_Paris_img38\AOI_3_Paris_img38_tile_014.tif,data\processed\spacenet_paris\train\masks\AOI_3_Paris_img38\AOI_3_Paris_img38_tile_014.tif,3,256,256,0,0.0,False
train,AOI_3_Paris_img38,AOI_3_Paris_img38_tile_015.tif,data\processed\spacenet_paris\train\images\AOI_3_Paris_img38\AOI_3_Paris_img38_tile_015.tif,data\processed\spacenet_paris\train\masks\AOI_3_Paris_img38\AOI_3_Paris_img38_tile_015.tif,3,256,256,0,0.0,False
train,AOI_3_Paris_img38,AOI_3_Paris_img38_tile_016.tif,data\processed\spacenet_paris\train\images\AOI_3_Paris_img38\AOI_3_Paris_img38_tile_016.tif,data\processed\spacenet_paris\train\masks\AOI_3_Paris_img38\AOI_3_Paris_img38_tile_016.tif,3,256,256,0,0.0,False
train,AOI_3_Paris_img38,AOI_3_Paris_img38_tile_017.tif,data\processed\spacenet_paris\train\images\AOI_3_Paris_img38\AOI_3_Paris_img38_tile_017.tif,data\processed\spacenet_paris\train\masks\AOI_3_Paris_img38\AOI_3_Paris_img38_tile_017.tif,3,256,256,0,0.0,False
train,AOI_3_Paris_img38,AOI_3_Paris_img38_tile_018.tif,data\processed\spacenet_paris\train\images\AOI_3_Paris_img38\AOI_3_Paris_img38_tile_018.tif,data\processed\spacenet_paris\train\masks\AOI_3_Paris_img38\AOI_3_Paris_img38_tile_018.tif,3,256,256,0,0.0,False
train,AOI_3_Paris_img38,AOI_3_Paris_img38_tile_019.tif,data\processed\spacenet_paris\train\images\AOI_3_Paris_img38\AOI_3_Paris_img38_tile_019.tif,data\processed\spacenet_paris\train\masks\AOI_3_Paris_img38\AOI_3_Paris_img38_tile_019.tif,3,256,256,0,0.0,False
train,AOI_3_Paris_img38,AOI_3_Paris_img38_tile_020.tif,data\processed\spacenet_paris\train\images\AOI_3_Paris_img38\AOI_3_Paris_img38_tile_020.tif,data\processed\spacenet_paris\train\masks\AOI_3_Paris_img38\AOI_3_Paris_img38_tile_020.tif,3,256,256,0,0.0,False
train,AOI_3_Paris_img38,AOI_3_Paris_img38_tile_021.tif,data\processed\spacenet_paris\train\images\AOI_3_Paris_img38\AOI_3_Paris_img38_tile_021.tif,data\processed\spacenet_paris\train\masks\AOI_3_Paris_img38\AOI_3_Paris_img38_tile_021.tif,3,256,256,0,0.0,False
train,AOI_3_Paris_img38,AOI_3_Paris_img38_tile_022.tif,data\processed\spacenet_paris\train\images\AOI_3_Paris_img38\AOI_3_Paris_img38_tile_022.tif,data\processed\spacenet_paris\train\masks\AOI_3_Paris_img38\AOI_3_Paris_img38_tile_022.tif,3,256,256,0,0.0,False
train,AOI_3_Paris_img38,AOI_3_Paris_img38_tile_023.tif,data\processed\spacenet_paris\train\images\AOI_3_Paris_img38\AOI_3_Paris_img38_tile_023.tif,data\processed\spacenet_paris\train\masks\AOI_3_Paris_img38\AOI_3_Paris_img38_tile_023.tif,3,256,256,3108,0.04742431640625,True
train,AOI_3_Paris_img38,AOI_3_Paris_img38_tile_024.tif,data\processed\spacenet_paris\train\images\AOI_3_Paris_img38\AOI_3_Paris_img38_tile_024.tif,data\processed\spacenet_paris\train\masks\AOI_3_Paris_img38\AOI_3_Paris_img38_tile_024.tif,3,256,256,3669,0.0559844970703125,True
train,AOI_3_Paris_img38,AOI_3_Paris_img38_tile_025.tif,data\processed\spacenet_paris\train\images\AOI_3_Paris_img38\AOI_3_Paris_img38_tile_025.tif,data\processed\spacenet_paris\train\masks\AOI_3_Paris_img38\AOI_3_Paris_img38_tile_025.tif,3,256,256,552,0.0084228515625,True
train,AOI_3_Paris_img38,AOI_3_Paris_img38_tile_026.tif,data\processed\spacenet_paris\train\images\AOI_3_Paris_img38\AOI_3_Paris_img38_tile_026.tif,data\processed\spacenet_paris\train\masks\AOI_3_Paris_img38\AOI_3_Paris_img38_tile_026.tif,3,256,256,72,0.0010986328125,True
train,AOI_3_Paris_img38,AOI_3_Paris_img38_tile_027.tif,data\processed\spacenet_paris\train\images\AOI_3_Paris_img38\AOI_3_Paris_img38_tile_027.tif,data\processed\spacenet_paris\train\masks\AOI_3_Paris_img38\AOI_3_Paris_img38_tile_027.tif,3,256,256,2874,0.043853759765625,True
train,AOI_3_Paris_img38,AOI_3_Paris_img38_tile_028.tif,data\processed\spacenet_paris\train\images\AOI_3_Paris_img38\AOI_3_Paris_img38_tile_028.tif,data\processed\spacenet_paris\train\masks\AOI_3_Paris_img38\AOI_3_Paris_img38_tile_028.tif,3,256,256,3884,0.05926513671875,True
train,AOI_3_Paris_img38,AOI_3_Paris_img38_tile_029.tif,data\processed\spacenet_paris\train\images\AOI_3_Paris_img38\AOI_3_Paris_img38_tile_029.tif,data\processed\spacenet_paris\train\masks\AOI_3_Paris_img38\AOI_3_Paris_img38_tile_029.tif,3,256,256,5458,0.083282470703125,True
train,AOI_3_Paris_img38,AOI_3_Paris_img38_tile_030.tif,data\processed\spacenet_paris\train\images\AOI_3_Paris_img38\AOI_3_Paris_img38_tile_030.tif,data\processed\spacenet_paris\train\masks\AOI_3_Paris_img38\AOI_3_Paris_img38_tile_030.tif,3,256,256,8026,0.122467041015625,True
train,AOI_3_Paris_img38,AOI_3_Paris_img38_tile_031.tif,data\processed\spacenet_paris\train\images\AOI_3_Paris_img38\AOI_3_Paris_img38_tile_031.tif,data\processed\spacenet_paris\train\masks\AOI_3_Paris_img38\AOI_3_Paris_img38_tile_031.tif,3,256,256,8365,0.1276397705078125,True
train,AOI_3_Paris_img38,AOI_3_Paris_img38_tile_032.tif,data\processed\spacenet_paris\train\images\AOI_3_Paris_img38\AOI_3_Paris_img38_tile_032.tif,data\processed\spacenet_paris\train\masks\AOI_3_Paris_img38\AOI_3_Paris_img38_tile_032.tif,3,256,256,7115,0.1085662841796875,True
train,AOI_3_Paris_img38,AOI_3_Paris_img38_tile_033.tif,data\processed\spacenet_paris\train\images\AOI_3_Paris_img38\AOI_3_Paris_img38_tile_033.tif,data\processed\spacenet_paris\train\masks\AOI_3_Paris_img38\AOI_3_Paris_img38_tile_033.tif,3,256,256,3599,0.0549163818359375,True
train,AOI_3_Paris_img38,AOI_3_Paris_img38_tile_034.tif,data\processed\spacenet_paris\train\images\AOI_3_Paris_img38\AOI_3_Paris_img38_tile_034.tif,data\processed\spacenet_paris\train\masks\AOI_3_Paris_img38\AOI_3_Paris_img38_tile_034.tif,3,256,256,717,0.0109405517578125,True
train,AOI_3_Paris_img38,AOI_3_Paris_img38_tile_035.tif,data\processed\spacenet_paris\train\images\AOI_3_Paris_img38\AOI_3_Paris_img38_tile_035.tif,data\processed\spacenet_paris\train\masks\AOI_3_Paris_img38\AOI_3_Paris_img38_tile_035.tif,3,256,256,0,0.0,False
train,AOI_3_Paris_img406,AOI_3_Paris_img406_tile_000.tif,data\processed\spacenet_paris\train\images\AOI_3_Paris_img406\AOI_3_Paris_img406_tile_000.tif,data\processed\spacenet_paris\train\masks\AOI_3_Paris_img406\AOI_3_Paris_img406_tile_000.tif,3,256,256,2959,0.0451507568359375,True
train,AOI_3_Paris_img406,AOI_3_Paris_img406_tile_001.tif,data\processed\spacenet_paris\train\images\AOI_3_Paris_img406\AOI_3_Paris_img406_tile_001.tif,data\processed\spacenet_paris\train\masks\AOI_3_Paris_img406\AOI_3_Paris_img406_tile_001.tif,3,256,256,3536,0.053955078125,True
train,AOI_3_Paris_img406,AOI_3_Paris_img406_tile_002.tif,data\processed\spacenet_paris\train\images\AOI_3_Paris_img406\AOI_3_Paris_img406_tile_002.tif,data\processed\spacenet_paris\train\masks\AOI_3_Paris_img406\AOI_3_Paris_img406_tile_002.tif,3,256,256,5587,0.0852508544921875,True
train,AOI_3_Paris_img406,AOI_3_Paris_img406_tile_003.tif,data\processed\spacenet_paris\train\images\AOI_3_Paris_img406\AOI_3_Paris_img406_tile_003.tif,data\processed\spacenet_paris\train\masks\AOI_3_Paris_img406\AOI_3_Paris_img406_tile_003.tif,3,256,256,6988,0.10662841796875,True
train,AOI_3_Paris_img406,AOI_3_Paris_img406_tile_004.tif,data\processed\spacenet_paris\train\images\AOI_3_Paris_img406\AOI_3_Paris_img406_tile_004.tif,data\processed\spacenet_paris\train\masks\AOI_3_Paris_img406\AOI_3_Paris_img406_tile_004.tif,3,256,256,3925,0.0598907470703125,True
train,AOI_3_Paris_img406,AOI_3_Paris_img406_tile_005.tif,data\processed\spacenet_paris\train\images\AOI_3_Paris_img406\AOI_3_Paris_img406_tile_005.tif,data\processed\spacenet_paris\train\masks\AOI_3_Paris_img406\AOI_3_Paris_img406_tile_005.tif,3,256,256,8493,0.1295928955078125,True
train,AOI_3_Paris_img406,AOI_3_Paris_img406_tile_006.tif,data\processed\spacenet_paris\train\images\AOI_3_Paris_img406\AOI_3_Paris_img406_tile_006.tif,data\processed\spacenet_paris\train\masks\AOI_3_Paris_img406\AOI_3_Paris_img406_tile_006.tif,3,256,256,3557,0.0542755126953125,True
train,AOI_3_Paris_img406,AOI_3_Paris_img406_tile_007.tif,data\processed\spacenet_paris\train\images\AOI_3_Paris_img406\AOI_3_Paris_img406_tile_007.tif,data\processed\spacenet_paris\train\masks\AOI_3_Paris_img406\AOI_3_Paris_img406_tile_007.tif,3,256,256,3949,0.0602569580078125,True
train,AOI_3_Paris_img406,AOI_3_Paris_img406_tile_008.tif,data\processed\spacenet_paris\train\images\AOI_3_Paris_img406\AOI_3_Paris_img406_tile_008.tif,data\processed\spacenet_paris\train\masks\AOI_3_Paris_img406\AOI_3_Paris_img406_tile_008.tif,3,256,256,3922,0.059844970703125,True
train,AOI_3_Paris_img406,AOI_3_Paris_img406_tile_009.tif,data\processed\spacenet_paris\train\images\AOI_3_Paris_img406\AOI_3_Paris_img406_tile_009.tif,data\processed\spacenet_paris\train\masks\AOI_3_Paris_img406\AOI_3_Paris_img406_tile_009.tif,3,256,256,4402,0.067169189453125,True
train,AOI_3_Paris_img406,AOI_3_Paris_img406_tile_010.tif,data\processed\spacenet_paris\train\images\AOI_3_Paris_img406\AOI_3_Paris_img406_tile_010.tif,data\processed\spacenet_paris\train\masks\AOI_3_Paris_img406\AOI_3_Paris_img406_tile_010.tif,3,256,256,9438,0.144012451171875,True
train,AOI_3_Paris_img406,AOI_3_Paris_img406_tile_011.tif,data\processed\spacenet_paris\train\images\AOI_3_Paris_img406\AOI_3_Paris_img406_tile_011.tif,data\processed\spacenet_paris\train\masks\AOI_3_Paris_img406\AOI_3_Paris_img406_tile_011.tif,3,256,256,5414,0.082611083984375,True
train,AOI_3_Paris_img406,AOI_3_Paris_img406_tile_012.tif,data\processed\spacenet_paris\train\images\AOI_3_Paris_img406\AOI_3_Paris_img406_tile_012.tif,data\processed\spacenet_paris\train\masks\AOI_3_Paris_img406\AOI_3_Paris_img406_tile_012.tif,3,256,256,4426,0.067535400390625,True
train,AOI_3_Paris_img406,AOI_3_Paris_img406_tile_013.tif,data\processed\spacenet_paris\train\images\AOI_3_Paris_img406\AOI_3_Paris_img406_tile_013.tif,data\processed\spacenet_paris\train\masks\AOI_3_Paris_img406\AOI_3_Paris_img406_tile_013.tif,3,256,256,3347,0.0510711669921875,True
train,AOI_3_Paris_img406,AOI_3_Paris_img406_tile_014.tif,data\processed\spacenet_paris\train\images\AOI_3_Paris_img406\AOI_3_Paris_img406_tile_014.tif,data\processed\spacenet_paris\train\masks\AOI_3_Paris_img406\AOI_3_Paris_img406_tile_014.tif,3,256,256,7492,0.11431884765625,True
train,AOI_3_Paris_img406,AOI_3_Paris_img406_tile_015.tif,data\processed\spacenet_paris\train\images\AOI_3_Paris_img406\AOI_3_Paris_img406_tile_015.tif,data\processed\spacenet_paris\train\masks\AOI_3_Paris_img406\AOI_3_Paris_img406_tile_015.tif,3,256,256,6348,0.09686279296875,True
train,AOI_3_Paris_img406,AOI_3_Paris_img406_tile_016.tif,data\processed\spacenet_paris\train\images\AOI_3_Paris_img406\AOI_3_Paris_img406_tile_016.tif,data\processed\spacenet_paris\train\masks\AOI_3_Paris_img406\AOI_3_Paris_img406_tile_016.tif,3,256,256,5601,0.0854644775390625,True
train,AOI_3_Paris_img406,AOI_3_Paris_img406_tile_017.tif,data\processed\spacenet_paris\train\images\AOI_3_Paris_img406\AOI_3_Paris_img406_tile_017.tif,data\processed\spacenet_paris\train\masks\AOI_3_Paris_img406\AOI_3_Paris_img406_tile_017.tif,3,256,256,7527,0.1148529052734375,True
train,AOI_3_Paris_img406,AOI_3_Paris_img406_tile_018.tif,data\processed\spacenet_paris\train\images\AOI_3_Paris_img406\AOI_3_Paris_img406_tile_018.tif,data\processed\spacenet_paris\train\masks\AOI_3_Paris_img406\AOI_3_Paris_img406_tile_018.tif,3,256,256,5552,0.084716796875,True
train,AOI_3_Paris_img406,AOI_3_Paris_img406_tile_019.tif,data\processed\spacenet_paris\train\images\AOI_3_Paris_img406\AOI_3_Paris_img406_tile_019.tif,data\processed\spacenet_paris\train\masks\AOI_3_Paris_img406\AOI_3_Paris_img406_tile_019.tif,3,256,256,4106,0.062652587890625,True
train,AOI_3_Paris_img406,AOI_3_Paris_img406_tile_020.tif,data\processed\spacenet_paris\train\images\AOI_3_Paris_img406\AOI_3_Paris_img406_tile_020.tif,data\processed\spacenet_paris\train\masks\AOI_3_Paris_img406\AOI_3_Paris_img406_tile_020.tif,3,256,256,1720,0.0262451171875,True
train,AOI_3_Paris_img406,AOI_3_Paris_img406_tile_021.tif,data\processed\spacenet_paris\train\images\AOI_3_Paris_img406\AOI_3_Paris_img406_tile_021.tif,data\processed\spacenet_paris\train\masks\AOI_3_Paris_img406\AOI_3_Paris_img406_tile_021.tif,3,256,256,3569,0.0544586181640625,True
train,AOI_3_Paris_img406,AOI_3_Paris_img406_tile_022.tif,data\processed\spacenet_paris\train\images\AOI_3_Paris_img406\AOI_3_Paris_img406_tile_022.tif,data\processed\spacenet_paris\train\masks\AOI_3_Paris_img406\AOI_3_Paris_img406_tile_022.tif,3,256,256,3729,0.0569000244140625,True
train,AOI_3_Paris_img406,AOI_3_Paris_img406_tile_023.tif,data\processed\spacenet_paris\train\images\AOI_3_Paris_img406\AOI_3_Paris_img406_tile_023.tif,data\processed\spacenet_paris\train\masks\AOI_3_Paris_img406\AOI_3_Paris_img406_tile_023.tif,3,256,256,0,0.0,False
train,AOI_3_Paris_img406,AOI_3_Paris_img406_tile_024.tif,data\processed\spacenet_paris\train\images\AOI_3_Paris_img406\AOI_3_Paris_img406_tile_024.tif,data\processed\spacenet_paris\train\masks\AOI_3_Paris_img406\AOI_3_Paris_img406_tile_024.tif,3,256,256,5546,0.084625244140625,True
train,AOI_3_Paris_img406,AOI_3_Paris_img406_tile_025.tif,data\processed\spacenet_paris\train\images\AOI_3_Paris_img406\AOI_3_Paris_img406_tile_025.tif,data\processed\spacenet_paris\train\masks\AOI_3_Paris_img406\AOI_3_Paris_img406_tile_025.tif,3,256,256,4187,0.0638885498046875,True
train,AOI_3_Paris_img406,AOI_3_Paris_img406_tile_026.tif,data\processed\spacenet_paris\train\images\AOI_3_Paris_img406\AOI_3_Paris_img406_tile_026.tif,data\processed\spacenet_paris\train\masks\AOI_3_Paris_img406\AOI_3_Paris_img406_tile_026.tif,3,256,256,4057,0.0619049072265625,True
train,AOI_3_Paris_img406,AOI_3_Paris_img406_tile_027.tif,data\processed\spacenet_paris\train\images\AOI_3_Paris_img406\AOI_3_Paris_img406_tile_027.tif,data\processed\spacenet_paris\train\masks\AOI_3_Paris_img406\AOI_3_Paris_img406_tile_027.tif,3,256,256,3250,0.049591064453125,True
train,AOI_3_Paris_img406,AOI_3_Paris_img406_tile_028.tif,data\processed\spacenet_paris\train\images\AOI_3_Paris_img406\AOI_3_Paris_img406_tile_028.tif,data\processed\spacenet_paris\train\masks\AOI_3_Paris_img406\AOI_3_Paris_img406_tile_028.tif,3,256,256,555,0.0084686279296875,True
train,AOI_3_Paris_img406,AOI_3_Paris_img406_tile_029.tif,data\processed\spacenet_paris\train\images\AOI_3_Paris_img406\AOI_3_Paris_img406_tile_029.tif,data\processed\spacenet_paris\train\masks\AOI_3_Paris_img406\AOI_3_Paris_img406_tile_029.tif,3,256,256,3272,0.0499267578125,True
train,AOI_3_Paris_img406,AOI_3_Paris_img406_tile_030.tif,data\processed\spacenet_paris\train\images\AOI_3_Paris_img406\AOI_3_Paris_img406_tile_030.tif,data\processed\spacenet_paris\train\masks\AOI_3_Paris_img406\AOI_3_Paris_img406_tile_030.tif,3,256,256,3999,0.0610198974609375,True
train,AOI_3_Paris_img406,AOI_3_Paris_img406_tile_031.tif,data\processed\spacenet_paris\train\images\AOI_3_Paris_img406\AOI_3_Paris_img406_tile_031.tif,data\processed\spacenet_paris\train\masks\AOI_3_Paris_img406\AOI_3_Paris_img406_tile_031.tif,3,256,256,4553,0.0694732666015625,True
train,AOI_3_Paris_img406,AOI_3_Paris_img406_tile_032.tif,data\processed\spacenet_paris\train\images\AOI_3_Paris_img406\AOI_3_Paris_img406_tile_032.tif,data\processed\spacenet_paris\train\masks\AOI_3_Paris_img406\AOI_3_Paris_img406_tile_032.tif,3,256,256,2759,0.0420989990234375,True
train,AOI_3_Paris_img406,AOI_3_Paris_img406_tile_033.tif,data\processed\spacenet_paris\train\images\AOI_3_Paris_img406\AOI_3_Paris_img406_tile_033.tif,data\processed\spacenet_paris\train\masks\AOI_3_Paris_img406\AOI_3_Paris_img406_tile_033.tif,3,256,256,1368,0.0208740234375,True
train,AOI_3_Paris_img406,AOI_3_Paris_img406_tile_034.tif,data\processed\spacenet_paris\train\images\AOI_3_Paris_img406\AOI_3_Paris_img406_tile_034.tif,data\processed\spacenet_paris\train\masks\AOI_3_Paris_img406\AOI_3_Paris_img406_tile_034.tif,3,256,256,5026,0.076690673828125,True
train,AOI_3_Paris_img406,AOI_3_Paris_img406_tile_035.tif,data\processed\spacenet_paris\train\images\AOI_3_Paris_img406\AOI_3_Paris_img406_tile_035.tif,data\processed\spacenet_paris\train\masks\AOI_3_Paris_img406\AOI_3_Paris_img406_tile_035.tif,3,256,256,3196,0.04876708984375,True
train,AOI_3_Paris_img432,AOI_3_Paris_img432_tile_000.tif,data\processed\spacenet_paris\train\images\AOI_3_Paris_img432\AOI_3_Paris_img432_tile_000.tif,data\processed\spacenet_paris\train\masks\AOI_3_Paris_img432\AOI_3_Paris_img432_tile_000.tif,3,256,256,0,0.0,False
train,AOI_3_Paris_img432,AOI_3_Paris_img432_tile_001.tif,data\processed\spacenet_paris\train\images\AOI_3_Paris_img432\AOI_3_Paris_img432_tile_001.tif,data\processed\spacenet_paris\train\masks\AOI_3_Paris_img432\AOI_3_Paris_img432_tile_001.tif,3,256,256,0,0.0,False
train,AOI_3_Paris_img432,AOI_3_Paris_img432_tile_002.tif,data\processed\spacenet_paris\train\images\AOI_3_Paris_img432\AOI_3_Paris_img432_tile_002.tif,data\processed\spacenet_paris\train\masks\AOI_3_Paris_img432\AOI_3_Paris_img432_tile_002.tif,3,256,256,2428,0.03704833984375,True
train,AOI_3_Paris_img432,AOI_3_Paris_img432_tile_003.tif,data\processed\spacenet_paris\train\images\AOI_3_Paris_img432\AOI_3_Paris_img432_tile_003.tif,data\processed\spacenet_paris\train\masks\AOI_3_Paris_img432\AOI_3_Paris_img432_tile_003.tif,3,256,256,4209,0.0642242431640625,True
train,AOI_3_Paris_img432,AOI_3_Paris_img432_tile_004.tif,data\processed\spacenet_paris\train\images\AOI_3_Paris_img432\AOI_3_Paris_img432_tile_004.tif,data\processed\spacenet_paris\train\masks\AOI_3_Paris_img432\AOI_3_Paris_img432_tile_004.tif,3,256,256,0,0.0,False
train,AOI_3_Paris_img432,AOI_3_Paris_img432_tile_005.tif,data\processed\spacenet_paris\train\images\AOI_3_Paris_img432\AOI_3_Paris_img432_tile_005.tif,data\processed\spacenet_paris\train\masks\AOI_3_Paris_img432\AOI_3_Paris_img432_tile_005.tif,3,256,256,0,0.0,False
train,AOI_3_Paris_img432,AOI_3_Paris_img432_tile_006.tif,data\processed\spacenet_paris\train\images\AOI_3_Paris_img432\AOI_3_Paris_img432_tile_006.tif,data\processed\spacenet_paris\train\masks\AOI_3_Paris_img432\AOI_3_Paris_img432_tile_006.tif,3,256,256,3696,0.056396484375,True
train,AOI_3_Paris_img432,AOI_3_Paris_img432_tile_007.tif,data\processed\spacenet_paris\train\images\AOI_3_Paris_img432\AOI_3_Paris_img432_tile_007.tif,data\processed\spacenet_paris\train\masks\AOI_3_Paris_img432\AOI_3_Paris_img432_tile_007.tif,3,256,256,6202,0.094635009765625,True
train,AOI_3_Paris_img432,AOI_3_Paris_img432_tile_008.tif,data\processed\spacenet_paris\train\images\AOI_3_Paris_img432\AOI_3_Paris_img432_tile_008.tif,data\processed\spacenet_paris\train\masks\AOI_3_Paris_img432\AOI_3_Paris_img432_tile_008.tif,3,256,256,7810,0.119171142578125,True
train,AOI_3_Paris_img432,AOI_3_Paris_img432_tile_009.tif,data\processed\spacenet_paris\train\images\AOI_3_Paris_img432\AOI_3_Paris_img432_tile_009.tif,data\processed\spacenet_paris\train\masks\AOI_3_Paris_img432\AOI_3_Paris_img432_tile_009.tif,3,256,256,424,0.0064697265625,True
train,AOI_3_Paris_img432,AOI_3_Paris_img432_tile_010.tif,data\processed\spacenet_paris\train\images\AOI_3_Paris_img432\AOI_3_Paris_img432_tile_010.tif,data\processed\spacenet_paris\train\masks\AOI_3_Paris_img432\AOI_3_Paris_img432_tile_010.tif,3,256,256,0,0.0,False
train,AOI_3_Paris_img432,AOI_3_Paris_img432_tile_011.tif,data\processed\spacenet_paris\train\images\AOI_3_Paris_img432\AOI_3_Paris_img432_tile_011.tif,data\processed\spacenet_paris\train\masks\AOI_3_Paris_img432\AOI_3_Paris_img432_tile_011.tif,3,256,256,0,0.0,False
train,AOI_3_Paris_img432,AOI_3_Paris_img432_tile_012.tif,data\processed\spacenet_paris\train\images\AOI_3_Paris_img432\AOI_3_Paris_img432_tile_012.tif,data\processed\spacenet_paris\train\masks\AOI_3_Paris_img432\AOI_3_Paris_img432_tile_012.tif,3,256,256,2685,0.0409698486328125,True
train,AOI_3_Paris_img432,AOI_3_Paris_img432_tile_013.tif,data\processed\spacenet_paris\train\images\AOI_3_Paris_img432\AOI_3_Paris_img432_tile_013.tif,data\processed\spacenet_paris\train\masks\AOI_3_Paris_img432\AOI_3_Paris_img432_tile_013.tif,3,256,256,7346,0.112091064453125,True
train,AOI_3_Paris_img432,AOI_3_Paris_img432_tile_014.tif,data\processed\spacenet_paris\train\images\AOI_3_Paris_img432\AOI_3_Paris_img432_tile_014.tif,data\processed\spacenet_paris\train\masks\AOI_3_Paris_img432\AOI_3_Paris_img432_tile_014.tif,3,256,256,4295,0.0655364990234375,True
train,AOI_3_Paris_img432,AOI_3_Paris_img432_tile_015.tif,data\processed\spacenet_paris\train\images\AOI_3_Paris_img432\AOI_3_Paris_img432_tile_015.tif,data\processed\spacenet_paris\train\masks\AOI_3_Paris_img432\AOI_3_Paris_img432_tile_015.tif,3,256,256,435,0.0066375732421875,True
train,AOI_3_Paris_img432,AOI_3_Paris_img432_tile_016.tif,data\processed\spacenet_paris\train\images\AOI_3_Paris_img432\AOI_3_Paris_img432_tile_016.tif,data\processed\spacenet_paris\train\masks\AOI_3_Paris_img432\AOI_3_Paris_img432_tile_016.tif,3,256,256,0,0.0,False
train,AOI_3_Paris_img432,AOI_3_Paris_img432_tile_017.tif,data\processed\spacenet_paris\train\images\AOI_3_Paris_img432\AOI_3_Paris_img432_tile_017.tif,data\processed\spacenet_paris\train\masks\AOI_3_Paris_img432\AOI_3_Paris_img432_tile_017.tif,3,256,256,0,0.0,False
train,AOI_3_Paris_img432,AOI_3_Paris_img432_tile_018.tif,data\processed\spacenet_paris\train\images\AOI_3_Paris_img432\AOI_3_Paris_img432_tile_018.tif,data\processed\spacenet_paris\train\masks\AOI_3_Paris_img432\AOI_3_Paris_img432_tile_018.tif,3,256,256,5107,0.0779266357421875,True
train,AOI_3_Paris_img432,AOI_3_Paris_img432_tile_019.tif,data\processed\spacenet_paris\train\images\AOI_3_Paris_img432\AOI_3_Paris_img432_tile_019.tif,data\processed\spacenet_paris\train\masks\AOI_3_Paris_img432\AOI_3_Paris_img432_tile_019.tif,3,256,256,1907,0.0290985107421875,True
train,AOI_3_Paris_img432,AOI_3_Paris_img432_tile_020.tif,data\processed\spacenet_paris\train\images\AOI_3_Paris_img432\AOI_3_Paris_img432_tile_020.tif,data\processed\spacenet_paris\train\masks\AOI_3_Paris_img432\AOI_3_Paris_img432_tile_020.tif,3,256,256,6906,0.105377197265625,True
train,AOI_3_Paris_img432,AOI_3_Paris_img432_tile_021.tif,data\processed\spacenet_paris\train\images\AOI_3_Paris_img432\AOI_3_Paris_img432_tile_021.tif,data\processed\spacenet_paris\train\masks\AOI_3_Paris_img432\AOI_3_Paris_img432_tile_021.tif,3,256,256,4618,0.070465087890625,True
train,AOI_3_Paris_img432,AOI_3_Paris_img432_tile_022.tif,data\processed\spacenet_paris\train\images\AOI_3_Paris_img432\AOI_3_Paris_img432_tile_022.tif,data\processed\spacenet_paris\train\masks\AOI_3_Paris_img432\AOI_3_Paris_img432_tile_022.tif,3,256,256,3856,0.058837890625,True
train,AOI_3_Paris_img432,AOI_3_Paris_img432_tile_023.tif,data\processed\spacenet_paris\train\images\AOI_3_Paris_img432\AOI_3_Paris_img432_tile_023.tif,data\processed\spacenet_paris\train\masks\AOI_3_Paris_img432\AOI_3_Paris_img432_tile_023.tif,3,256,256,3549,0.0541534423828125,True
train,AOI_3_Paris_img432,AOI_3_Paris_img432_tile_024.tif,data\processed\spacenet_paris\train\images\AOI_3_Paris_img432\AOI_3_Paris_img432_tile_024.tif,data\processed\spacenet_paris\train\masks\AOI_3_Paris_img432\AOI_3_Paris_img432_tile_024.tif,3,256,256,5971,0.0911102294921875,True
train,AOI_3_Paris_img432,AOI_3_Paris_img432_tile_025.tif,data\processed\spacenet_paris\train\images\AOI_3_Paris_img432\AOI_3_Paris_img432_tile_025.tif,data\processed\spacenet_paris\train\masks\AOI_3_Paris_img432\AOI_3_Paris_img432_tile_025.tif,3,256,256,5146,0.078521728515625,True
train,AOI_3_Paris_img432,AOI_3_Paris_img432_tile_026.tif,data\processed\spacenet_paris\train\images\AOI_3_Paris_img432\AOI_3_Paris_img432_tile_026.tif,data\processed\spacenet_paris\train\masks\AOI_3_Paris_img432\AOI_3_Paris_img432_tile_026.tif,3,256,256,6564,0.10015869140625,True
train,AOI_3_Paris_img432,AOI_3_Paris_img432_tile_027.tif,data\processed\spacenet_paris\train\images\AOI_3_Paris_img432\AOI_3_Paris_img432_tile_027.tif,data\processed\spacenet_paris\train\masks\AOI_3_Paris_img432\AOI_3_Paris_img432_tile_027.tif,3,256,256,3469,0.0529327392578125,True
train,AOI_3_Paris_img432,AOI_3_Paris_img432_tile_028.tif,data\processed\spacenet_paris\train\images\AOI_3_Paris_img432\AOI_3_Paris_img432_tile_028.tif,data\processed\spacenet_paris\train\masks\AOI_3_Paris_img432\AOI_3_Paris_img432_tile_028.tif,3,256,256,4217,0.0643463134765625,True
train,AOI_3_Paris_img432,AOI_3_Paris_img432_tile_029.tif,data\processed\spacenet_paris\train\images\AOI_3_Paris_img432\AOI_3_Paris_img432_tile_029.tif,data\processed\spacenet_paris\train\masks\AOI_3_Paris_img432\AOI_3_Paris_img432_tile_029.tif,3,256,256,6840,0.1043701171875,True
train,AOI_3_Paris_img432,AOI_3_Paris_img432_tile_030.tif,data\processed\spacenet_paris\train\images\AOI_3_Paris_img432\AOI_3_Paris_img432_tile_030.tif,data\processed\spacenet_paris\train\masks\AOI_3_Paris_img432\AOI_3_Paris_img432_tile_030.tif,3,256,256,4840,0.0738525390625,True
train,AOI_3_Paris_img432,AOI_3_Paris_img432_tile_031.tif,data\processed\spacenet_paris\train\images\AOI_3_Paris_img432\AOI_3_Paris_img432_tile_031.tif,data\processed\spacenet_paris\train\masks\AOI_3_Paris_img432\AOI_3_Paris_img432_tile_031.tif,3,256,256,6025,0.0919342041015625,True
train,AOI_3_Paris_img432,AOI_3_Paris_img432_tile_032.tif,data\processed\spacenet_paris\train\images\AOI_3_Paris_img432\AOI_3_Paris_img432_tile_032.tif,data\processed\spacenet_paris\train\masks\AOI_3_Paris_img432\AOI_3_Paris_img432_tile_032.tif,3,256,256,1817,0.0277252197265625,True
train,AOI_3_Paris_img432,AOI_3_Paris_img432_tile_033.tif,data\processed\spacenet_paris\train\images\AOI_3_Paris_img432\AOI_3_Paris_img432_tile_033.tif,data\processed\spacenet_paris\train\masks\AOI_3_Paris_img432\AOI_3_Paris_img432_tile_033.tif,3,256,256,3469,0.0529327392578125,True
train,AOI_3_Paris_img432,AOI_3_Paris_img432_tile_034.tif,data\processed\spacenet_paris\train\images\AOI_3_Paris_img432\AOI_3_Paris_img432_tile_034.tif,data\processed\spacenet_paris\train\masks\AOI_3_Paris_img432\AOI_3_Paris_img432_tile_034.tif,3,256,256,3082,0.047027587890625,True
train,AOI_3_Paris_img432,AOI_3_Paris_img432_tile_035.tif,data\processed\spacenet_paris\train\images\AOI_3_Paris_img432\AOI_3_Paris_img432_tile_035.tif,data\processed\spacenet_paris\train\masks\AOI_3_Paris_img432\AOI_3_Paris_img432_tile_035.tif,3,256,256,3298,0.050323486328125,True
val,AOI_3_Paris_img489,AOI_3_Paris_img489_tile_000.tif,data\processed\spacenet_paris\val\images\AOI_3_Paris_img489\AOI_3_Paris_img489_tile_000.tif,data\processed\spacenet_paris\val\masks\AOI_3_Paris_img489\AOI_3_Paris_img489_tile_000.tif,3,256,256,2871,0.0438079833984375,True
val,AOI_3_Paris_img489,AOI_3_Paris_img489_tile_001.tif,data\processed\spacenet_paris\val\images\AOI_3_Paris_img489\AOI_3_Paris_img489_tile_001.tif,data\processed\spacenet_paris\val\masks\AOI_3_Paris_img489\AOI_3_Paris_img489_tile_001.tif,3,256,256,0,0.0,False
val,AOI_3_Paris_img489,AOI_3_Paris_img489_tile_002.tif,data\processed\spacenet_paris\val\images\AOI_3_Paris_img489\AOI_3_Paris_img489_tile_002.tif,data\processed\spacenet_paris\val\masks\AOI_3_Paris_img489\AOI_3_Paris_img489_tile_002.tif,3,256,256,0,0.0,False
val,AOI_3_Paris_img489,AOI_3_Paris_img489_tile_003.tif,data\processed\spacenet_paris\val\images\AOI_3_Paris_img489\AOI_3_Paris_img489_tile_003.tif,data\processed\spacenet_paris\val\masks\AOI_3_Paris_img489\AOI_3_Paris_img489_tile_003.tif,3,256,256,3588,0.05474853515625,True
val,AOI_3_Paris_img489,AOI_3_Paris_img489_tile_004.tif,data\processed\spacenet_paris\val\images\AOI_3_Paris_img489\AOI_3_Paris_img489_tile_004.tif,data\processed\spacenet_paris\val\masks\AOI_3_Paris_img489\AOI_3_Paris_img489_tile_004.tif,3,256,256,3185,0.0485992431640625,True
val,AOI_3_Paris_img489,AOI_3_Paris_img489_tile_005.tif,data\processed\spacenet_paris\val\images\AOI_3_Paris_img489\AOI_3_Paris_img489_tile_005.tif,data\processed\spacenet_paris\val\masks\AOI_3_Paris_img489\AOI_3_Paris_img489_tile_005.tif,3,256,256,0,0.0,False
val,AOI_3_Paris_img489,AOI_3_Paris_img489_tile_006.tif,data\processed\spacenet_paris\val\images\AOI_3_Paris_img489\AOI_3_Paris_img489_tile_006.tif,data\processed\spacenet_paris\val\masks\AOI_3_Paris_img489\AOI_3_Paris_img489_tile_006.tif,3,256,256,4377,0.0667877197265625,True
val,AOI_3_Paris_img489,AOI_3_Paris_img489_tile_007.tif,data\processed\spacenet_paris\val\images\AOI_3_Paris_img489\AOI_3_Paris_img489_tile_007.tif,data\processed\spacenet_paris\val\masks\AOI_3_Paris_img489\AOI_3_Paris_img489_tile_007.tif,3,256,256,2369,0.0361480712890625,True
val,AOI_3_Paris_img489,AOI_3_Paris_img489_tile_008.tif,data\processed\spacenet_paris\val\images\AOI_3_Paris_img489\AOI_3_Paris_img489_tile_008.tif,data\processed\spacenet_paris\val\masks\AOI_3_Paris_img489\AOI_3_Paris_img489_tile_008.tif,3,256,256,0,0.0,False
val,AOI_3_Paris_img489,AOI_3_Paris_img489_tile_009.tif,data\processed\spacenet_paris\val\images\AOI_3_Paris_img489\AOI_3_Paris_img489_tile_009.tif,data\processed\spacenet_paris\val\masks\AOI_3_Paris_img489\AOI_3_Paris_img489_tile_009.tif,3,256,256,1043,0.0159149169921875,True
val,AOI_3_Paris_img489,AOI_3_Paris_img489_tile_010.tif,data\processed\spacenet_paris\val\images\AOI_3_Paris_img489\AOI_3_Paris_img489_tile_010.tif,data\processed\spacenet_paris\val\masks\AOI_3_Paris_img489\AOI_3_Paris_img489_tile_010.tif,3,256,256,5531,0.0843963623046875,True
val,AOI_3_Paris_img489,AOI_3_Paris_img489_tile_011.tif,data\processed\spacenet_paris\val\images\AOI_3_Paris_img489\AOI_3_Paris_img489_tile_011.tif,data\processed\spacenet_paris\val\masks\AOI_3_Paris_img489\AOI_3_Paris_img489_tile_011.tif,3,256,256,0,0.0,False
val,AOI_3_Paris_img489,AOI_3_Paris_img489_tile_012.tif,data\processed\spacenet_paris\val\images\AOI_3_Paris_img489\AOI_3_Paris_img489_tile_012.tif,data\processed\spacenet_paris\val\masks\AOI_3_Paris_img489\AOI_3_Paris_img489_tile_012.tif,3,256,256,473,0.0072174072265625,True
val,AOI_3_Paris_img489,AOI_3_Paris_img489_tile_013.tif,data\processed\spacenet_paris\val\images\AOI_3_Paris_img489\AOI_3_Paris_img489_tile_013.tif,data\processed\spacenet_paris\val\masks\AOI_3_Paris_img489\AOI_3_Paris_img489_tile_013.tif,3,256,256,4308,0.06573486328125,True
val,AOI_3_Paris_img489,AOI_3_Paris_img489_tile_014.tif,data\processed\spacenet_paris\val\images\AOI_3_Paris_img489\AOI_3_Paris_img489_tile_014.tif,data\processed\spacenet_paris\val\masks\AOI_3_Paris_img489\AOI_3_Paris_img489_tile_014.tif,3,256,256,4993,0.0761871337890625,True
val,AOI_3_Paris_img489,AOI_3_Paris_img489_tile_015.tif,data\processed\spacenet_paris\val\images\AOI_3_Paris_img489\AOI_3_Paris_img489_tile_015.tif,data\processed\spacenet_paris\val\masks\AOI_3_Paris_img489\AOI_3_Paris_img489_tile_015.tif,3,256,256,4297,0.0655670166015625,True
val,AOI_3_Paris_img489,AOI_3_Paris_img489_tile_016.tif,data\processed\spacenet_paris\val\images\AOI_3_Paris_img489\AOI_3_Paris_img489_tile_016.tif,data\processed\spacenet_paris\val\masks\AOI_3_Paris_img489\AOI_3_Paris_img489_tile_016.tif,3,256,256,1992,0.0303955078125,True
val,AOI_3_Paris_img489,AOI_3_Paris_img489_tile_017.tif,data\processed\spacenet_paris\val\images\AOI_3_Paris_img489\AOI_3_Paris_img489_tile_017.tif,data\processed\spacenet_paris\val\masks\AOI_3_Paris_img489\AOI_3_Paris_img489_tile_017.tif,3,256,256,0,0.0,False
val,AOI_3_Paris_img489,AOI_3_Paris_img489_tile_018.tif,data\processed\spacenet_paris\val\images\AOI_3_Paris_img489\AOI_3_Paris_img489_tile_018.tif,data\processed\spacenet_paris\val\masks\AOI_3_Paris_img489\AOI_3_Paris_img489_tile_018.tif,3,256,256,0,0.0,False
val,AOI_3_Paris_img489,AOI_3_Paris_img489_tile_019.tif,data\processed\spacenet_paris\val\images\AOI_3_Paris_img489\AOI_3_Paris_img489_tile_019.tif,data\processed\spacenet_paris\val\masks\AOI_3_Paris_img489\AOI_3_Paris_img489_tile_019.tif,3,256,256,0,0.0,False
val,AOI_3_Paris_img489,AOI_3_Paris_img489_tile_020.tif,data\processed\spacenet_paris\val\images\AOI_3_Paris_img489\AOI_3_Paris_img489_tile_020.tif,data\processed\spacenet_paris\val\masks\AOI_3_Paris_img489\AOI_3_Paris_img489_tile_020.tif,3,256,256,3761,0.0573883056640625,True
val,AOI_3_Paris_img489,AOI_3_Paris_img489_tile_021.tif,data\processed\spacenet_paris\val\images\AOI_3_Paris_img489\AOI_3_Paris_img489_tile_021.tif,data\processed\spacenet_paris\val\masks\AOI_3_Paris_img489\AOI_3_Paris_img489_tile_021.tif,3,256,256,0,0.0,False
val,AOI_3_Paris_img489,AOI_3_Paris_img489_tile_022.tif,data\processed\spacenet_paris\val\images\AOI_3_Paris_img489\AOI_3_Paris_img489_tile_022.tif,data\processed\spacenet_paris\val\masks\AOI_3_Paris_img489\AOI_3_Paris_img489_tile_022.tif,3,256,256,0,0.0,False
val,AOI_3_Paris_img489,AOI_3_Paris_img489_tile_023.tif,data\processed\spacenet_paris\val\images\AOI_3_Paris_img489\AOI_3_Paris_img489_tile_023.tif,data\processed\spacenet_paris\val\masks\AOI_3_Paris_img489\AOI_3_Paris_img489_tile_023.tif,3,256,256,0,0.0,False
val,AOI_3_Paris_img489,AOI_3_Paris_img489_tile_024.tif,data\processed\spacenet_paris\val\images\AOI_3_Paris_img489\AOI_3_Paris_img489_tile_024.tif,data\processed\spacenet_paris\val\masks\AOI_3_Paris_img489\AOI_3_Paris_img489_tile_024.tif,3,256,256,0,0.0,False
val,AOI_3_Paris_img489,AOI_3_Paris_img489_tile_025.tif,data\processed\spacenet_paris\val\images\AOI_3_Paris_img489\AOI_3_Paris_img489_tile_025.tif,data\processed\spacenet_paris\val\masks\AOI_3_Paris_img489\AOI_3_Paris_img489_tile_025.tif,3,256,256,0,0.0,False
val,AOI_3_Paris_img489,AOI_3_Paris_img489_tile_026.tif,data\processed\spacenet_paris\val\images\AOI_3_Paris_img489\AOI_3_Paris_img489_tile_026.tif,data\processed\spacenet_paris\val\masks\AOI_3_Paris_img489\AOI_3_Paris_img489_tile_026.tif,3,256,256,3204,0.04888916015625,True
val,AOI_3_Paris_img489,AOI_3_Paris_img489_tile_027.tif,data\processed\spacenet_paris\val\images\AOI_3_Paris_img489\AOI_3_Paris_img489_tile_027.tif,data\processed\spacenet_paris\val\masks\AOI_3_Paris_img489\AOI_3_Paris_img489_tile_027.tif,3,256,256,0,0.0,False
val,AOI_3_Paris_img489,AOI_3_Paris_img489_tile_028.tif,data\processed\spacenet_paris\val\images\AOI_3_Paris_img489\AOI_3_Paris_img489_tile_028.tif,data\processed\spacenet_paris\val\masks\AOI_3_Paris_img489\AOI_3_Paris_img489_tile_028.tif,3,256,256,0,0.0,False
val,AOI_3_Paris_img489,AOI_3_Paris_img489_tile_029.tif,data\processed\spacenet_paris\val\images\AOI_3_Paris_img489\AOI_3_Paris_img489_tile_029.tif,data\processed\spacenet_paris\val\masks\AOI_3_Paris_img489\AOI_3_Paris_img489_tile_029.tif,3,256,256,0,0.0,False
val,AOI_3_Paris_img489,AOI_3_Paris_img489_tile_030.tif,data\processed\spacenet_paris\val\images\AOI_3_Paris_img489\AOI_3_Paris_img489_tile_030.tif,data\processed\spacenet_paris\val\masks\AOI_3_Paris_img489\AOI_3_Paris_img489_tile_030.tif,3,256,256,0,0.0,False
val,AOI_3_Paris_img489,AOI_3_Paris_img489_tile_031.tif,data\processed\spacenet_paris\val\images\AOI_3_Paris_img489\AOI_3_Paris_img489_tile_031.tif,data\processed\spacenet_paris\val\masks\AOI_3_Paris_img489\AOI_3_Paris_img489_tile_031.tif,3,256,256,0,0.0,False
val,AOI_3_Paris_img489,AOI_3_Paris_img489_tile_032.tif,data\processed\spacenet_paris\val\images\AOI_3_Paris_img489\AOI_3_Paris_img489_tile_032.tif,data\processed\spacenet_paris\val\masks\AOI_3_Paris_img489\AOI_3_Paris_img489_tile_032.tif,3,256,256,3128,0.0477294921875,True
val,AOI_3_Paris_img489,AOI_3_Paris_img489_tile_033.tif,data\processed\spacenet_paris\val\images\AOI_3_Paris_img489\AOI_3_Paris_img489_tile_033.tif,data\processed\spacenet_paris\val\masks\AOI_3_Paris_img489\AOI_3_Paris_img489_tile_033.tif,3,256,256,0,0.0,False
val,AOI_3_Paris_img489,AOI_3_Paris_img489_tile_034.tif,data\processed\spacenet_paris\val\images\AOI_3_Paris_img489\AOI_3_Paris_img489_tile_034.tif,data\processed\spacenet_paris\val\masks\AOI_3_Paris_img489\AOI_3_Paris_img489_tile_034.tif,3,256,256,0,0.0,False
val,AOI_3_Paris_img489,AOI_3_Paris_img489_tile_035.tif,data\processed\spacenet_paris\val\images\AOI_3_Paris_img489\AOI_3_Paris_img489_tile_035.tif,data\processed\spacenet_paris\val\masks\AOI_3_Paris_img489\AOI_3_Paris_img489_tile_035.tif,3,256,256,0,0.0,False
val,AOI_3_Paris_img496,AOI_3_Paris_img496_tile_000.tif,data\processed\spacenet_paris\val\images\AOI_3_Paris_img496\AOI_3_Paris_img496_tile_000.tif,data\processed\spacenet_paris\val\masks\AOI_3_Paris_img496\AOI_3_Paris_img496_tile_000.tif,3,256,256,0,0.0,False
val,AOI_3_Paris_img496,AOI_3_Paris_img496_tile_001.tif,data\processed\spacenet_paris\val\images\AOI_3_Paris_img496\AOI_3_Paris_img496_tile_001.tif,data\processed\spacenet_paris\val\masks\AOI_3_Paris_img496\AOI_3_Paris_img496_tile_001.tif,3,256,256,0,0.0,False
val,AOI_3_Paris_img496,AOI_3_Paris_img496_tile_002.tif,data\processed\spacenet_paris\val\images\AOI_3_Paris_img496\AOI_3_Paris_img496_tile_002.tif,data\processed\spacenet_paris\val\masks\AOI_3_Paris_img496\AOI_3_Paris_img496_tile_002.tif,3,256,256,0,0.0,False
val,AOI_3_Paris_img496,AOI_3_Paris_img496_tile_003.tif,data\processed\spacenet_paris\val\images\AOI_3_Paris_img496\AOI_3_Paris_img496_tile_003.tif,data\processed\spacenet_paris\val\masks\AOI_3_Paris_img496\AOI_3_Paris_img496_tile_003.tif,3,256,256,0,0.0,False
val,AOI_3_Paris_img496,AOI_3_Paris_img496_tile_004.tif,data\processed\spacenet_paris\val\images\AOI_3_Paris_img496\AOI_3_Paris_img496_tile_004.tif,data\processed\spacenet_paris\val\masks\AOI_3_Paris_img496\AOI_3_Paris_img496_tile_004.tif,3,256,256,0,0.0,False
val,AOI_3_Paris_img496,AOI_3_Paris_img496_tile_005.tif,data\processed\spacenet_paris\val\images\AOI_3_Paris_img496\AOI_3_Paris_img496_tile_005.tif,data\processed\spacenet_paris\val\masks\AOI_3_Paris_img496\AOI_3_Paris_img496_tile_005.tif,3,256,256,0,0.0,False
val,AOI_3_Paris_img496,AOI_3_Paris_img496_tile_006.tif,data\processed\spacenet_paris\val\images\AOI_3_Paris_img496\AOI_3_Paris_img496_tile_006.tif,data\processed\spacenet_paris\val\masks\AOI_3_Paris_img496\AOI_3_Paris_img496_tile_006.tif,3,256,256,0,0.0,False
val,AOI_3_Paris_img496,AOI_3_Paris_img496_tile_007.tif,data\processed\spacenet_paris\val\images\AOI_3_Paris_img496\AOI_3_Paris_img496_tile_007.tif,data\processed\spacenet_paris\val\masks\AOI_3_Paris_img496\AOI_3_Paris_img496_tile_007.tif,3,256,256,0,0.0,False
val,AOI_3_Paris_img496,AOI_3_Paris_img496_tile_008.tif,data\processed\spacenet_paris\val\images\AOI_3_Paris_img496\AOI_3_Paris_img496_tile_008.tif,data\processed\spacenet_paris\val\masks\AOI_3_Paris_img496\AOI_3_Paris_img496_tile_008.tif,3,256,256,0,0.0,False
val,AOI_3_Paris_img496,AOI_3_Paris_img496_tile_009.tif,data\processed\spacenet_paris\val\images\AOI_3_Paris_img496\AOI_3_Paris_img496_tile_009.tif,data\processed\spacenet_paris\val\masks\AOI_3_Paris_img496\AOI_3_Paris_img496_tile_009.tif,3,256,256,0,0.0,False
val,AOI_3_Paris_img496,AOI_3_Paris_img496_tile_010.tif,data\processed\spacenet_paris\val\images\AOI_3_Paris_img496\AOI_3_Paris_img496_tile_010.tif,data\processed\spacenet_paris\val\masks\AOI_3_Paris_img496\AOI_3_Paris_img496_tile_010.tif,3,256,256,0,0.0,False
val,AOI_3_Paris_img496,AOI_3_Paris_img496_tile_011.tif,data\processed\spacenet_paris\val\images\AOI_3_Paris_img496\AOI_3_Paris_img496_tile_011.tif,data\processed\spacenet_paris\val\masks\AOI_3_Paris_img496\AOI_3_Paris_img496_tile_011.tif,3,256,256,0,0.0,False
val,AOI_3_Paris_img496,AOI_3_Paris_img496_tile_012.tif,data\processed\spacenet_paris\val\images\AOI_3_Paris_img496\AOI_3_Paris_img496_tile_012.tif,data\processed\spacenet_paris\val\masks\AOI_3_Paris_img496\AOI_3_Paris_img496_tile_012.tif,3,256,256,0,0.0,False
val,AOI_3_Paris_img496,AOI_3_Paris_img496_tile_013.tif,data\processed\spacenet_paris\val\images\AOI_3_Paris_img496\AOI_3_Paris_img496_tile_013.tif,data\processed\spacenet_paris\val\masks\AOI_3_Paris_img496\AOI_3_Paris_img496_tile_013.tif,3,256,256,0,0.0,False
val,AOI_3_Paris_img496,AOI_3_Paris_img496_tile_014.tif,data\processed\spacenet_paris\val\images\AOI_3_Paris_img496\AOI_3_Paris_img496_tile_014.tif,data\processed\spacenet_paris\val\masks\AOI_3_Paris_img496\AOI_3_Paris_img496_tile_014.tif,3,256,256,0,0.0,False
val,AOI_3_Paris_img496,AOI_3_Paris_img496_tile_015.tif,data\processed\spacenet_paris\val\images\AOI_3_Paris_img496\AOI_3_Paris_img496_tile_015.tif,data\processed\spacenet_paris\val\masks\AOI_3_Paris_img496\AOI_3_Paris_img496_tile_015.tif,3,256,256,0,0.0,False
val,AOI_3_Paris_img496,AOI_3_Paris_img496_tile_016.tif,data\processed\spacenet_paris\val\images\AOI_3_Paris_img496\AOI_3_Paris_img496_tile_016.tif,data\processed\spacenet_paris\val\masks\AOI_3_Paris_img496\AOI_3_Paris_img496_tile_016.tif,3,256,256,0,0.0,False
val,AOI_3_Paris_img496,AOI_3_Paris_img496_tile_017.tif,data\processed\spacenet_paris\val\images\AOI_3_Paris_img496\AOI_3_Paris_img496_tile_017.tif,data\processed\spacenet_paris\val\masks\AOI_3_Paris_img496\AOI_3_Paris_img496_tile_017.tif,3,256,256,0,0.0,False
val,AOI_3_Paris_img496,AOI_3_Paris_img496_tile_018.tif,data\processed\spacenet_paris\val\images\AOI_3_Paris_img496\AOI_3_Paris_img496_tile_018.tif,data\processed\spacenet_paris\val\masks\AOI_3_Paris_img496\AOI_3_Paris_img496_tile_018.tif,3,256,256,0,0.0,False
val,AOI_3_Paris_img496,AOI_3_Paris_img496_tile_019.tif,data\processed\spacenet_paris\val\images\AOI_3_Paris_img496\AOI_3_Paris_img496_tile_019.tif,data\processed\spacenet_paris\val\masks\AOI_3_Paris_img496\AOI_3_Paris_img496_tile_019.tif,3,256,256,0,0.0,False
val,AOI_3_Paris_img496,AOI_3_Paris_img496_tile_020.tif,data\processed\spacenet_paris\val\images\AOI_3_Paris_img496\AOI_3_Paris_img496_tile_020.tif,data\processed\spacenet_paris\val\masks\AOI_3_Paris_img496\AOI_3_Paris_img496_tile_020.tif,3,256,256,0,0.0,False
val,AOI_3_Paris_img496,AOI_3_Paris_img496_tile_021.tif,data\processed\spacenet_paris\val\images\AOI_3_Paris_img496\AOI_3_Paris_img496_tile_021.tif,data\processed\spacenet_paris\val\masks\AOI_3_Paris_img496\AOI_3_Paris_img496_tile_021.tif,3,256,256,0,0.0,False
val,AOI_3_Paris_img496,AOI_3_Paris_img496_tile_022.tif,data\processed\spacenet_paris\val\images\AOI_3_Paris_img496\AOI_3_Paris_img496_tile_022.tif,data\processed\spacenet_paris\val\masks\AOI_3_Paris_img496\AOI_3_Paris_img496_tile_022.tif,3,256,256,0,0.0,False
val,AOI_3_Paris_img496,AOI_3_Paris_img496_tile_023.tif,data\processed\spacenet_paris\val\images\AOI_3_Paris_img496\AOI_3_Paris_img496_tile_023.tif,data\processed\spacenet_paris\val\masks\AOI_3_Paris_img496\AOI_3_Paris_img496_tile_023.tif,3,256,256,0,0.0,False
val,AOI_3_Paris_img496,AOI_3_Paris_img496_tile_024.tif,data\processed\spacenet_paris\val\images\AOI_3_Paris_img496\AOI_3_Paris_img496_tile_024.tif,data\processed\spacenet_paris\val\masks\AOI_3_Paris_img496\AOI_3_Paris_img496_tile_024.tif,3,256,256,0,0.0,False
val,AOI_3_Paris_img496,AOI_3_Paris_img496_tile_025.tif,data\processed\spacenet_paris\val\images\AOI_3_Paris_img496\AOI_3_Paris_img496_tile_025.tif,data\processed\spacenet_paris\val\masks\AOI_3_Paris_img496\AOI_3_Paris_img496_tile_025.tif,3,256,256,0,0.0,False
val,AOI_3_Paris_img496,AOI_3_Paris_img496_tile_026.tif,data\processed\spacenet_paris\val\images\AOI_3_Paris_img496\AOI_3_Paris_img496_tile_026.tif,data\processed\spacenet_paris\val\masks\AOI_3_Paris_img496\AOI_3_Paris_img496_tile_026.tif,3,256,256,0,0.0,False
val,AOI_3_Paris_img496,AOI_3_Paris_img496_tile_027.tif,data\processed\spacenet_paris\val\images\AOI_3_Paris_img496\AOI_3_Paris_img496_tile_027.tif,data\processed\spacenet_paris\val\masks\AOI_3_Paris_img496\AOI_3_Paris_img496_tile_027.tif,3,256,256,0,0.0,False
val,AOI_3_Paris_img496,AOI_3_Paris_img496_tile_028.tif,data\processed\spacenet_paris\val\images\AOI_3_Paris_img496\AOI_3_Paris_img496_tile_028.tif,data\processed\spacenet_paris\val\masks\AOI_3_Paris_img496\AOI_3_Paris_img496_tile_028.tif,3,256,256,0,0.0,False
val,AOI_3_Paris_img496,AOI_3_Paris_img496_tile_029.tif,data\processed\spacenet_paris\val\images\AOI_3_Paris_img496\AOI_3_Paris_img496_tile_029.tif,data\processed\spacenet_paris\val\masks\AOI_3_Paris_img496\AOI_3_Paris_img496_tile_029.tif,3,256,256,14,0.000213623046875,True
val,AOI_3_Paris_img496,AOI_3_Paris_img496_tile_030.tif,data\processed\spacenet_paris\val\images\AOI_3_Paris_img496\AOI_3_Paris_img496_tile_030.tif,data\processed\spacenet_paris\val\masks\AOI_3_Paris_img496\AOI_3_Paris_img496_tile_030.tif,3,256,256,2,3.0517578125e-05,True
val,AOI_3_Paris_img496,AOI_3_Paris_img496_tile_031.tif,data\processed\spacenet_paris\val\images\AOI_3_Paris_img496\AOI_3_Paris_img496_tile_031.tif,data\processed\spacenet_paris\val\masks\AOI_3_Paris_img496\AOI_3_Paris_img496_tile_031.tif,3,256,256,2964,0.04522705078125,True
val,AOI_3_Paris_img496,AOI_3_Paris_img496_tile_032.tif,data\processed\spacenet_paris\val\images\AOI_3_Paris_img496\AOI_3_Paris_img496_tile_032.tif,data\processed\spacenet_paris\val\masks\AOI_3_Paris_img496\AOI_3_Paris_img496_tile_032.tif,3,256,256,3734,0.056976318359375,True
val,AOI_3_Paris_img496,AOI_3_Paris_img496_tile_033.tif,data\processed\spacenet_paris\val\images\AOI_3_Paris_img496\AOI_3_Paris_img496_tile_033.tif,data\processed\spacenet_paris\val\masks\AOI_3_Paris_img496\AOI_3_Paris_img496_tile_033.tif,3,256,256,3044,0.04644775390625,True
val,AOI_3_Paris_img496,AOI_3_Paris_img496_tile_034.tif,data\processed\spacenet_paris\val\images\AOI_3_Paris_img496\AOI_3_Paris_img496_tile_034.tif,data\processed\spacenet_paris\val\masks\AOI_3_Paris_img496\AOI_3_Paris_img496_tile_034.tif,3,256,256,3034,0.046295166015625,True
val,AOI_3_Paris_img496,AOI_3_Paris_img496_tile_035.tif,data\processed\spacenet_paris\val\images\AOI_3_Paris_img496\AOI_3_Paris_img496_tile_035.tif,data\processed\spacenet_paris\val\masks\AOI_3_Paris_img496\AOI_3_Paris_img496_tile_035.tif,3,256,256,3111,0.0474700927734375,True
test,AOI_3_Paris_img84,AOI_3_Paris_img84_tile_000.tif,data\processed\spacenet_paris\test\images\AOI_3_Paris_img84\AOI_3_Paris_img84_tile_000.tif,data\processed\spacenet_paris\test\masks\AOI_3_Paris_img84\AOI_3_Paris_img84_tile_000.tif,3,256,256,3431,0.0523529052734375,True
test,AOI_3_Paris_img84,AOI_3_Paris_img84_tile_001.tif,data\processed\spacenet_paris\test\images\AOI_3_Paris_img84\AOI_3_Paris_img84_tile_001.tif,data\processed\spacenet_paris\test\masks\AOI_3_Paris_img84\AOI_3_Paris_img84_tile_001.tif,3,256,256,2310,0.035247802734375,True
test,AOI_3_Paris_img84,AOI_3_Paris_img84_tile_002.tif,data\processed\spacenet_paris\test\images\AOI_3_Paris_img84\AOI_3_Paris_img84_tile_002.tif,data\processed\spacenet_paris\test\masks\AOI_3_Paris_img84\AOI_3_Paris_img84_tile_002.tif,3,256,256,1146,0.017486572265625,True
test,AOI_3_Paris_img84,AOI_3_Paris_img84_tile_003.tif,data\processed\spacenet_paris\test\images\AOI_3_Paris_img84\AOI_3_Paris_img84_tile_003.tif,data\processed\spacenet_paris\test\masks\AOI_3_Paris_img84\AOI_3_Paris_img84_tile_003.tif,3,256,256,0,0.0,False
test,AOI_3_Paris_img84,AOI_3_Paris_img84_tile_004.tif,data\processed\spacenet_paris\test\images\AOI_3_Paris_img84\AOI_3_Paris_img84_tile_004.tif,data\processed\spacenet_paris\test\masks\AOI_3_Paris_img84\AOI_3_Paris_img84_tile_004.tif,3,256,256,2104,0.0321044921875,True
test,AOI_3_Paris_img84,AOI_3_Paris_img84_tile_005.tif,data\processed\spacenet_paris\test\images\AOI_3_Paris_img84\AOI_3_Paris_img84_tile_005.tif,data\processed\spacenet_paris\test\masks\AOI_3_Paris_img84\AOI_3_Paris_img84_tile_005.tif,3,256,256,4749,0.0724639892578125,True
test,AOI_3_Paris_img84,AOI_3_Paris_img84_tile_006.tif,data\processed\spacenet_paris\test\images\AOI_3_Paris_img84\AOI_3_Paris_img84_tile_006.tif,data\processed\spacenet_paris\test\masks\AOI_3_Paris_img84\AOI_3_Paris_img84_tile_006.tif,3,256,256,3243,0.0494842529296875,True
test,AOI_3_Paris_img84,AOI_3_Paris_img84_tile_007.tif,data\processed\spacenet_paris\test\images\AOI_3_Paris_img84\AOI_3_Paris_img84_tile_007.tif,data\processed\spacenet_paris\test\masks\AOI_3_Paris_img84\AOI_3_Paris_img84_tile_007.tif,3,256,256,3431,0.0523529052734375,True
test,AOI_3_Paris_img84,AOI_3_Paris_img84_tile_008.tif,data\processed\spacenet_paris\test\images\AOI_3_Paris_img84\AOI_3_Paris_img84_tile_008.tif,data\processed\spacenet_paris\test\masks\AOI_3_Paris_img84\AOI_3_Paris_img84_tile_008.tif,3,256,256,3431,0.0523529052734375,True
test,AOI_3_Paris_img84,AOI_3_Paris_img84_tile_009.tif,data\processed\spacenet_paris\test\images\AOI_3_Paris_img84\AOI_3_Paris_img84_tile_009.tif,data\processed\spacenet_paris\test\masks\AOI_3_Paris_img84\AOI_3_Paris_img84_tile_009.tif,3,256,256,3434,0.052398681640625,True
test,AOI_3_Paris_img84,AOI_3_Paris_img84_tile_010.tif,data\processed\spacenet_paris\test\images\AOI_3_Paris_img84\AOI_3_Paris_img84_tile_010.tif,data\processed\spacenet_paris\test\masks\AOI_3_Paris_img84\AOI_3_Paris_img84_tile_010.tif,3,256,256,3437,0.0524444580078125,True
test,AOI_3_Paris_img84,AOI_3_Paris_img84_tile_011.tif,data\processed\spacenet_paris\test\images\AOI_3_Paris_img84\AOI_3_Paris_img84_tile_011.tif,data\processed\spacenet_paris\test\masks\AOI_3_Paris_img84\AOI_3_Paris_img84_tile_011.tif,3,256,256,2997,0.0457305908203125,True
test,AOI_3_Paris_img84,AOI_3_Paris_img84_tile_012.tif,data\processed\spacenet_paris\test\images\AOI_3_Paris_img84\AOI_3_Paris_img84_tile_012.tif,data\processed\spacenet_paris\test\masks\AOI_3_Paris_img84\AOI_3_Paris_img84_tile_012.tif,3,256,256,0,0.0,False
test,AOI_3_Paris_img84,AOI_3_Paris_img84_tile_013.tif,data\processed\spacenet_paris\test\images\AOI_3_Paris_img84\AOI_3_Paris_img84_tile_013.tif,data\processed\spacenet_paris\test\masks\AOI_3_Paris_img84\AOI_3_Paris_img84_tile_013.tif,3,256,256,0,0.0,False
test,AOI_3_Paris_img84,AOI_3_Paris_img84_tile_014.tif,data\processed\spacenet_paris\test\images\AOI_3_Paris_img84\AOI_3_Paris_img84_tile_014.tif,data\processed\spacenet_paris\test\masks\AOI_3_Paris_img84\AOI_3_Paris_img84_tile_014.tif,3,256,256,0,0.0,False
test,AOI_3_Paris_img84,AOI_3_Paris_img84_tile_015.tif,data\processed\spacenet_paris\test\images\AOI_3_Paris_img84\AOI_3_Paris_img84_tile_015.tif,data\processed\spacenet_paris\test\masks\AOI_3_Paris_img84\AOI_3_Paris_img84_tile_015.tif,3,256,256,0,0.0,False
test,AOI_3_Paris_img84,AOI_3_Paris_img84_tile_016.tif,data\processed\spacenet_paris\test\images\AOI_3_Paris_img84\AOI_3_Paris_img84_tile_016.tif,data\processed\spacenet_paris\test\masks\AOI_3_Paris_img84\AOI_3_Paris_img84_tile_016.tif,3,256,256,1831,0.0279388427734375,True
test,AOI_3_Paris_img84,AOI_3_Paris_img84_tile_017.tif,data\processed\spacenet_paris\test\images\AOI_3_Paris_img84\AOI_3_Paris_img84_tile_017.tif,data\processed\spacenet_paris\test\masks\AOI_3_Paris_img84\AOI_3_Paris_img84_tile_017.tif,3,256,256,3437,0.0524444580078125,True
test,AOI_3_Paris_img84,AOI_3_Paris_img84_tile_018.tif,data\processed\spacenet_paris\test\images\AOI_3_Paris_img84\AOI_3_Paris_img84_tile_018.tif,data\processed\spacenet_paris\test\masks\AOI_3_Paris_img84\AOI_3_Paris_img84_tile_018.tif,3,256,256,0,0.0,False
test,AOI_3_Paris_img84,AOI_3_Paris_img84_tile_019.tif,data\processed\spacenet_paris\test\images\AOI_3_Paris_img84\AOI_3_Paris_img84_tile_019.tif,data\processed\spacenet_paris\test\masks\AOI_3_Paris_img84\AOI_3_Paris_img84_tile_019.tif,3,256,256,0,0.0,False
test,AOI_3_Paris_img84,AOI_3_Paris_img84_tile_020.tif,data\processed\spacenet_paris\test\images\AOI_3_Paris_img84\AOI_3_Paris_img84_tile_020.tif,data\processed\spacenet_paris\test\masks\AOI_3_Paris_img84\AOI_3_Paris_img84_tile_020.tif,3,256,256,0,0.0,False
test,AOI_3_Paris_img84,AOI_3_Paris_img84_tile_021.tif,data\processed\spacenet_paris\test\images\AOI_3_Paris_img84\AOI_3_Paris_img84_tile_021.tif,data\processed\spacenet_paris\test\masks\AOI_3_Paris_img84\AOI_3_Paris_img84_tile_021.tif,3,256,256,0,0.0,False
test,AOI_3_Paris_img84,AOI_3_Paris_img84_tile_022.tif,data\processed\spacenet_paris\test\images\AOI_3_Paris_img84\AOI_3_Paris_img84_tile_022.tif,data\processed\spacenet_paris\test\masks\AOI_3_Paris_img84\AOI_3_Paris_img84_tile_022.tif,3,256,256,0,0.0,False
test,AOI_3_Paris_img84,AOI_3_Paris_img84_tile_023.tif,data\processed\spacenet_paris\test\images\AOI_3_Paris_img84\AOI_3_Paris_img84_tile_023.tif,data\processed\spacenet_paris\test\masks\AOI_3_Paris_img84\AOI_3_Paris_img84_tile_023.tif,3,256,256,0,0.0,False
test,AOI_3_Paris_img84,AOI_3_Paris_img84_tile_024.tif,data\processed\spacenet_paris\test\images\AOI_3_Paris_img84\AOI_3_Paris_img84_tile_024.tif,data\processed\spacenet_paris\test\masks\AOI_3_Paris_img84\AOI_3_Paris_img84_tile_024.tif,3,256,256,0,0.0,False
test,AOI_3_Paris_img84,AOI_3_Paris_img84_tile_025.tif,data\processed\spacenet_paris\test\images\AOI_3_Paris_img84\AOI_3_Paris_img84_tile_025.tif,data\processed\spacenet_paris\test\masks\AOI_3_Paris_img84\AOI_3_Paris_img84_tile_025.tif,3,256,256,0,0.0,False
test,AOI_3_Paris_img84,AOI_3_Paris_img84_tile_026.tif,data\processed\spacenet_paris\test\images\AOI_3_Paris_img84\AOI_3_Paris_img84_tile_026.tif,data\processed\spacenet_paris\test\masks\AOI_3_Paris_img84\AOI_3_Paris_img84_tile_026.tif,3,256,256,0,0.0,False
test,AOI_3_Paris_img84,AOI_3_Paris_img84_tile_027.tif,data\processed\spacenet_paris\test\images\AOI_3_Paris_img84\AOI_3_Paris_img84_tile_027.tif,data\processed\spacenet_paris\test\masks\AOI_3_Paris_img84\AOI_3_Paris_img84_tile_027.tif,3,256,256,0,0.0,False
test,AOI_3_Paris_img84,AOI_3_Paris_img84_tile_028.tif,data\processed\spacenet_paris\test\images\AOI_3_Paris_img84\AOI_3_Paris_img84_tile_028.tif,data\processed\spacenet_paris\test\masks\AOI_3_Paris_img84\AOI_3_Paris_img84_tile_028.tif,3,256,256,0,0.0,False
test,AOI_3_Paris_img84,AOI_3_Paris_img84_tile_029.tif,data\processed\spacenet_paris\test\images\AOI_3_Paris_img84\AOI_3_Paris_img84_tile_029.tif,data\processed\spacenet_paris\test\masks\AOI_3_Paris_img84\AOI_3_Paris_img84_tile_029.tif,3,256,256,0,0.0,False
test,AOI_3_Paris_img84,AOI_3_Paris_img84_tile_030.tif,data\processed\spacenet_paris\test\images\AOI_3_Paris_img84\AOI_3_Paris_img84_tile_030.tif,data\processed\spacenet_paris\test\masks\AOI_3_Paris_img84\AOI_3_Paris_img84_tile_030.tif,3,256,256,0,0.0,False
test,AOI_3_Paris_img84,AOI_3_Paris_img84_tile_031.tif,data\processed\spacenet_paris\test\images\AOI_3_Paris_img84\AOI_3_Paris_img84_tile_031.tif,data\processed\spacenet_paris\test\masks\AOI_3_Paris_img84\AOI_3_Paris_img84_tile_031.tif,3,256,256,0,0.0,False
test,AOI_3_Paris_img84,AOI_3_Paris_img84_tile_032.tif,data\processed\spacenet_paris\test\images\AOI_3_Paris_img84\AOI_3_Paris_img84_tile_032.tif,data\processed\spacenet_paris\test\masks\AOI_3_Paris_img84\AOI_3_Paris_img84_tile_032.tif,3,256,256,0,0.0,False
test,AOI_3_Paris_img84,AOI_3_Paris_img84_tile_033.tif,data\processed\spacenet_paris\test\images\AOI_3_Paris_img84\AOI_3_Paris_img84_tile_033.tif,data\processed\spacenet_paris\test\masks\AOI_3_Paris_img84\AOI_3_Paris_img84_tile_033.tif,3,256,256,0,0.0,False
test,AOI_3_Paris_img84,AOI_3_Paris_img84_tile_034.tif,data\processed\spacenet_paris\test\images\AOI_3_Paris_img84\AOI_3_Paris_img84_tile_034.tif,data\processed\spacenet_paris\test\masks\AOI_3_Paris_img84\AOI_3_Paris_img84_tile_034.tif,3,256,256,0,0.0,False
test,AOI_3_Paris_img84,AOI_3_Paris_img84_tile_035.tif,data\processed\spacenet_paris\test\images\AOI_3_Paris_img84\AOI_3_Paris_img84_tile_035.tif,data\processed\spacenet_paris\test\masks\AOI_3_Paris_img84\AOI_3_Paris_img84_tile_035.tif,3,256,256,0,0.0,False
